-- phpMyAdmin SQL Dump
-- version 5.2.1
-- https://www.phpmyadmin.net/
--
-- Servidor: 127.0.0.1
-- Tiempo de generación: 16-03-2026 a las 06:39:42
-- Versión del servidor: 10.4.32-MariaDB
-- Versión de PHP: 8.2.12

SET SQL_MODE = "NO_AUTO_VALUE_ON_ZERO";
START TRANSACTION;
SET time_zone = "+00:00";


/*!40101 SET @OLD_CHARACTER_SET_CLIENT=@@CHARACTER_SET_CLIENT */;
/*!40101 SET @OLD_CHARACTER_SET_RESULTS=@@CHARACTER_SET_RESULTS */;
/*!40101 SET @OLD_COLLATION_CONNECTION=@@COLLATION_CONNECTION */;
/*!40101 SET NAMES utf8mb4 */;

--
-- Base de datos: `asistencia_carreras`
--

-- --------------------------------------------------------

--
-- Estructura de tabla para la tabla `asistencias`
--

CREATE TABLE `asistencias` (
  `Id_asistencia` int(10) NOT NULL,
  `Fecha` date NOT NULL,
  `Id_estudiante` int(11) NOT NULL
) ENGINE=InnoDB DEFAULT CHARSET=utf8mb4 COLLATE=utf8mb4_general_ci;

--
-- Volcado de datos para la tabla `asistencias`
--

INSERT INTO `asistencias` (`Id_asistencia`, `Fecha`, `Id_estudiante`) VALUES
(1, '2025-04-25', 1),
(2, '2025-05-07', 1),
(3, '2025-04-17', 1),
(4, '2025-05-02', 1),
(5, '2025-04-18', 1),
(6, '2025-03-05', 1),
(7, '2025-03-18', 1),
(8, '2025-02-19', 1),
(9, '2025-05-06', 1),
(10, '2025-04-22', 1),
(11, '2025-06-02', 1),
(12, '2025-04-08', 1),
(13, '2025-05-28', 1),
(14, '2025-04-25', 1),
(15, '2025-04-08', 1),
(16, '2025-04-25', 1),
(17, '2025-04-10', 1),
(18, '2025-05-02', 1),
(19, '2025-04-14', 1),
(20, '2025-04-07', 1),
(21, '2025-05-21', 1),
(22, '2025-03-25', 1),
(23, '2025-04-24', 1),
(24, '2025-05-16', 1),
(25, '2025-06-04', 1),
(26, '2025-05-26', 1),
(27, '2025-05-12', 1),
(28, '2025-02-10', 1),
(29, '2025-03-20', 1),
(30, '2025-04-01', 1),
(31, '2025-02-04', 1),
(32, '2025-05-06', 1),
(33, '2025-03-19', 1),
(34, '2025-05-13', 1),
(35, '2025-04-09', 1),
(36, '2025-03-06', 1),
(37, '2025-05-27', 1),
(38, '2025-02-26', 1),
(39, '2025-04-22', 1),
(40, '2025-02-26', 1),
(41, '2025-05-14', 1),
(42, '2025-04-10', 1),
(43, '2025-02-27', 1),
(44, '2025-05-21', 1),
(45, '2025-02-24', 1),
(46, '2025-03-28', 1),
(47, '2025-06-02', 1),
(48, '2025-02-04', 1),
(49, '2025-04-11', 1),
(50, '2025-05-29', 1),
(51, '2025-03-05', 1),
(52, '2025-05-20', 1),
(53, '2025-06-26', 1),
(54, '2025-05-14', 1),
(55, '2025-04-17', 1),
(56, '2025-06-06', 1),
(57, '2025-05-26', 1),
(58, '2025-03-20', 1),
(59, '2025-03-14', 1),
(60, '2025-04-09', 1),
(61, '2025-04-14', 1),
(62, '2025-02-28', 1),
(63, '2025-04-10', 1),
(64, '2025-05-21', 1),
(65, '2025-03-11', 1),
(66, '2025-03-25', 1),
(67, '2025-04-11', 1),
(68, '2025-03-12', 1),
(69, '2025-05-09', 1),
(70, '2025-06-18', 1),
(71, '2025-06-09', 1),
(72, '2025-04-22', 1),
(73, '2025-02-18', 1),
(74, '2025-06-25', 1),
(75, '2025-04-14', 1),
(76, '2025-04-18', 1),
(77, '2025-02-17', 1),
(78, '2025-02-04', 1),
(79, '2025-05-29', 1),
(80, '2025-06-06', 1),
(81, '2025-05-23', 1),
(82, '2025-02-27', 1),
(83, '2025-05-06', 1),
(84, '2025-05-05', 1),
(85, '2025-03-07', 1),
(86, '2025-03-13', 1),
(87, '2025-05-12', 1),
(88, '2025-04-23', 1),
(89, '2025-05-16', 1),
(90, '2025-02-28', 1),
(91, '2025-06-05', 1),
(92, '2025-02-26', 2),
(93, '2025-05-29', 2),
(94, '2025-06-23', 2),
(95, '2025-02-12', 2),
(96, '2025-06-24', 2),
(97, '2025-02-11', 2),
(98, '2025-04-11', 2),
(99, '2025-02-19', 2),
(100, '2025-03-06', 2),
(101, '2025-05-23', 2),
(102, '2025-02-07', 2),
(103, '2025-06-12', 2),
(104, '2025-03-17', 2),
(105, '2025-03-19', 2),
(106, '2025-05-12', 2),
(107, '2025-03-10', 2),
(108, '2025-06-23', 2),
(109, '2025-03-25', 2),
(110, '2025-04-30', 2),
(111, '2025-05-12', 2),
(112, '2025-05-16', 2),
(113, '2025-04-10', 2),
(114, '2025-03-03', 2),
(115, '2025-05-08', 2),
(116, '2025-05-02', 2),
(117, '2025-02-13', 2),
(118, '2025-05-05', 2),
(119, '2025-03-31', 2),
(120, '2025-05-27', 2),
(121, '2025-05-14', 2),
(122, '2025-02-19', 2),
(123, '2025-04-09', 2),
(124, '2025-04-25', 2),
(125, '2025-04-07', 2),
(126, '2025-04-17', 2),
(127, '2025-03-03', 2),
(128, '2025-04-16', 2),
(129, '2025-06-27', 2),
(130, '2025-02-03', 2),
(131, '2025-04-18', 2),
(132, '2025-04-17', 2),
(133, '2025-06-30', 2),
(134, '2025-03-25', 2),
(135, '2025-03-25', 2),
(136, '2025-05-14', 2),
(137, '2025-06-11', 2),
(138, '2025-02-17', 2),
(139, '2025-04-24', 2),
(140, '2025-04-04', 2),
(141, '2025-06-18', 2),
(142, '2025-03-14', 2),
(143, '2025-05-09', 2),
(144, '2025-04-03', 2),
(145, '2025-02-14', 2),
(146, '2025-03-06', 2),
(147, '2025-06-10', 2),
(148, '2025-05-06', 2),
(149, '2025-03-06', 2),
(150, '2025-02-12', 2),
(151, '2025-05-19', 2),
(152, '2025-03-26', 2),
(153, '2025-05-05', 2),
(154, '2025-04-04', 2),
(155, '2025-06-19', 2),
(156, '2025-03-25', 2),
(157, '2025-06-10', 2),
(158, '2025-03-19', 2),
(159, '2025-04-03', 2),
(160, '2025-03-19', 2),
(161, '2025-03-05', 2),
(162, '2025-02-25', 2),
(163, '2025-06-24', 2),
(164, '2025-06-20', 2),
(165, '2025-05-27', 2),
(166, '2025-02-11', 2),
(167, '2025-02-05', 2),
(168, '2025-06-20', 2),
(169, '2025-04-29', 2),
(170, '2025-02-19', 2),
(171, '2025-06-09', 2),
(172, '2025-06-20', 2),
(173, '2025-02-11', 2),
(174, '2025-05-02', 2),
(175, '2025-03-20', 2),
(176, '2025-05-28', 2),
(177, '2025-06-20', 2),
(178, '2025-03-21', 2),
(179, '2025-06-05', 2),
(180, '2025-02-26', 2),
(181, '2025-03-27', 2),
(182, '2025-03-21', 2),
(183, '2025-04-17', 2),
(184, '2025-04-24', 2),
(185, '2025-02-19', 2),
(186, '2025-05-05', 2),
(187, '2025-05-12', 2),
(188, '2025-03-28', 2),
(189, '2025-04-15', 3),
(190, '2025-05-05', 3),
(191, '2025-05-09', 3),
(192, '2025-06-20', 3),
(193, '2025-04-18', 3),
(194, '2025-05-28', 3),
(195, '2025-03-24', 3),
(196, '2025-03-31', 3),
(197, '2025-06-20', 3),
(198, '2025-04-30', 3),
(199, '2025-04-18', 3),
(200, '2025-04-11', 3),
(201, '2025-06-16', 3),
(202, '2025-02-10', 3),
(203, '2025-04-11', 3),
(204, '2025-02-21', 3),
(205, '2025-03-13', 3),
(206, '2025-06-23', 3),
(207, '2025-06-11', 3),
(208, '2025-06-25', 3),
(209, '2025-03-13', 3),
(210, '2025-04-11', 3),
(211, '2025-04-18', 3),
(212, '2025-02-24', 3),
(213, '2025-02-06', 3),
(214, '2025-06-19', 3),
(215, '2025-04-16', 3),
(216, '2025-02-25', 3),
(217, '2025-05-09', 3),
(218, '2025-05-27', 3),
(219, '2025-02-10', 3),
(220, '2025-06-10', 3),
(221, '2025-02-21', 3),
(222, '2025-04-10', 3),
(223, '2025-02-26', 3),
(224, '2025-05-19', 3),
(225, '2025-02-11', 3),
(226, '2025-05-26', 3),
(227, '2025-03-07', 3),
(228, '2025-06-12', 3),
(229, '2025-05-14', 3),
(230, '2025-06-20', 3),
(231, '2025-03-11', 3),
(232, '2025-04-14', 3),
(233, '2025-05-12', 3),
(234, '2025-06-12', 3),
(235, '2025-03-31', 3),
(236, '2025-03-18', 3),
(237, '2025-03-24', 3),
(238, '2025-06-02', 3),
(239, '2025-02-03', 3),
(240, '2025-04-10', 3),
(241, '2025-05-15', 3),
(242, '2025-06-26', 3),
(243, '2025-06-06', 3),
(244, '2025-06-13', 3),
(245, '2025-04-29', 3),
(246, '2025-03-13', 3),
(247, '2025-04-30', 3),
(248, '2025-06-27', 3),
(249, '2025-03-04', 3),
(250, '2025-05-26', 3),
(251, '2025-05-21', 3),
(252, '2025-05-13', 3),
(253, '2025-06-19', 3),
(254, '2025-02-07', 3),
(255, '2025-04-10', 3),
(256, '2025-04-08', 3),
(257, '2025-02-12', 3),
(258, '2025-02-03', 3),
(259, '2025-06-19', 3),
(260, '2025-04-30', 3),
(261, '2025-02-27', 3),
(262, '2025-06-26', 3),
(263, '2025-04-23', 3),
(264, '2025-06-04', 3),
(265, '2025-04-15', 3),
(266, '2025-06-25', 3),
(267, '2025-03-27', 3),
(268, '2025-06-18', 3),
(269, '2025-04-18', 3),
(270, '2025-05-30', 3),
(271, '2025-04-03', 3),
(272, '2025-05-14', 3),
(273, '2025-06-19', 3),
(274, '2025-06-02', 4),
(275, '2025-03-10', 4),
(276, '2025-03-10', 4),
(277, '2025-04-16', 4),
(278, '2025-05-21', 4),
(279, '2025-03-26', 4),
(280, '2025-02-17', 4),
(281, '2025-02-04', 4),
(282, '2025-03-07', 4),
(283, '2025-05-23', 4),
(284, '2025-02-04', 4),
(285, '2025-03-03', 4),
(286, '2025-06-16', 4),
(287, '2025-05-22', 4),
(288, '2025-02-05', 4),
(289, '2025-05-06', 4),
(290, '2025-03-18', 4),
(291, '2025-02-20', 4),
(292, '2025-02-10', 4),
(293, '2025-04-07', 4),
(294, '2025-02-04', 4),
(295, '2025-05-19', 4),
(296, '2025-04-10', 4),
(297, '2025-02-27', 4),
(298, '2025-05-27', 4),
(299, '2025-03-20', 4),
(300, '2025-03-13', 4),
(301, '2025-04-03', 4),
(302, '2025-03-07', 4),
(303, '2025-06-19', 4),
(304, '2025-06-18', 4),
(305, '2025-06-02', 4),
(306, '2025-03-18', 4),
(307, '2025-02-14', 4),
(308, '2025-04-21', 4),
(309, '2025-03-17', 4),
(310, '2025-03-25', 4),
(311, '2025-06-09', 4),
(312, '2025-05-06', 4),
(313, '2025-04-08', 4),
(314, '2025-03-18', 4),
(315, '2025-03-24', 4),
(316, '2025-03-06', 4),
(317, '2025-06-03', 4),
(318, '2025-05-28', 4),
(319, '2025-04-07', 4),
(320, '2025-06-10', 4),
(321, '2025-06-30', 4),
(322, '2025-04-23', 4),
(323, '2025-06-04', 4),
(324, '2025-04-11', 4),
(325, '2025-06-04', 4),
(326, '2025-05-22', 4),
(327, '2025-03-03', 4),
(328, '2025-06-03', 4),
(329, '2025-04-11', 4),
(330, '2025-06-12', 4),
(331, '2025-03-28', 4),
(332, '2025-04-15', 4),
(333, '2025-06-13', 4),
(334, '2025-06-25', 4),
(335, '2025-06-02', 4),
(336, '2025-04-15', 4),
(337, '2025-02-06', 4),
(338, '2025-04-08', 4),
(339, '2025-02-11', 4),
(340, '2025-02-05', 4),
(341, '2025-06-20', 4),
(342, '2025-04-25', 4),
(343, '2025-05-06', 4),
(344, '2025-06-20', 4),
(345, '2025-03-10', 4),
(346, '2025-04-09', 4),
(347, '2025-04-18', 4),
(348, '2025-03-03', 4),
(349, '2025-04-15', 4),
(350, '2025-06-05', 4),
(351, '2025-05-16', 4),
(352, '2025-06-27', 4),
(353, '2025-05-30', 4),
(354, '2025-02-04', 4),
(355, '2025-02-13', 4),
(356, '2025-06-10', 4),
(357, '2025-03-21', 4),
(358, '2025-05-07', 4),
(359, '2025-05-05', 4),
(360, '2025-03-04', 4),
(361, '2025-02-27', 4),
(362, '2025-03-12', 4),
(363, '2025-05-28', 4),
(364, '2025-02-13', 4),
(365, '2025-03-13', 4),
(366, '2025-02-05', 4),
(367, '2025-03-25', 4),
(368, '2025-05-09', 4),
(369, '2025-05-26', 4),
(370, '2025-03-27', 4),
(371, '2025-04-21', 4),
(372, '2025-05-15', 4),
(373, '2025-06-26', 4),
(374, '2025-06-06', 4),
(375, '2025-03-12', 4),
(376, '2025-05-28', 4),
(377, '2025-04-22', 5),
(378, '2025-03-19', 5),
(379, '2025-02-13', 5),
(380, '2025-04-15', 5),
(381, '2025-03-04', 5),
(382, '2025-03-28', 5),
(383, '2025-04-07', 5),
(384, '2025-02-10', 5),
(385, '2025-06-05', 5),
(386, '2025-02-20', 5),
(387, '2025-02-25', 5),
(388, '2025-05-05', 5),
(389, '2025-06-06', 5),
(390, '2025-05-21', 5),
(391, '2025-03-03', 5),
(392, '2025-06-04', 5),
(393, '2025-04-17', 5),
(394, '2025-02-07', 5),
(395, '2025-05-21', 5),
(396, '2025-04-16', 5),
(397, '2025-03-18', 5),
(398, '2025-02-06', 5),
(399, '2025-03-11', 5),
(400, '2025-03-27', 5),
(401, '2025-03-12', 5),
(402, '2025-03-03', 5),
(403, '2025-03-10', 5),
(404, '2025-03-25', 5),
(405, '2025-06-16', 5),
(406, '2025-04-10', 5),
(407, '2025-04-09', 5),
(408, '2025-04-14', 5),
(409, '2025-05-20', 5),
(410, '2025-02-24', 5),
(411, '2025-04-30', 5),
(412, '2025-02-17', 5),
(413, '2025-05-27', 5),
(414, '2025-04-22', 5),
(415, '2025-03-12', 5),
(416, '2025-02-28', 5),
(417, '2025-02-19', 5),
(418, '2025-02-12', 5),
(419, '2025-02-04', 5),
(420, '2025-06-12', 5),
(421, '2025-03-20', 5),
(422, '2025-06-24', 5),
(423, '2025-02-20', 5),
(424, '2025-06-17', 5),
(425, '2025-05-30', 5),
(426, '2025-06-20', 5),
(427, '2025-05-12', 5),
(428, '2025-06-04', 5),
(429, '2025-04-03', 5),
(430, '2025-05-05', 5),
(431, '2025-04-01', 5),
(432, '2025-02-19', 5),
(433, '2025-04-07', 5),
(434, '2025-05-16', 5),
(435, '2025-02-13', 5),
(436, '2025-04-04', 5),
(437, '2025-02-11', 5),
(438, '2025-03-19', 5),
(439, '2025-03-12', 5),
(440, '2025-03-03', 5),
(441, '2025-06-09', 5),
(442, '2025-05-14', 5),
(443, '2025-02-25', 5),
(444, '2025-03-17', 5),
(445, '2025-03-19', 5),
(446, '2025-03-28', 5),
(447, '2025-04-28', 5),
(448, '2025-02-13', 5),
(449, '2025-05-12', 5),
(450, '2025-02-12', 5),
(451, '2025-06-27', 5),
(452, '2025-05-08', 5),
(453, '2025-04-15', 6),
(454, '2025-05-01', 6),
(455, '2025-04-17', 6),
(456, '2025-03-07', 6),
(457, '2025-05-27', 6),
(458, '2025-02-25', 6),
(459, '2025-04-21', 6),
(460, '2025-03-14', 6),
(461, '2025-06-24', 6),
(462, '2025-06-25', 6),
(463, '2025-06-19', 6),
(464, '2025-05-23', 6),
(465, '2025-06-23', 6),
(466, '2025-05-20', 6),
(467, '2025-02-11', 6),
(468, '2025-05-22', 6),
(469, '2025-02-19', 6),
(470, '2025-04-02', 6),
(471, '2025-05-07', 6),
(472, '2025-06-26', 6),
(473, '2025-05-28', 6),
(474, '2025-02-10', 6),
(475, '2025-06-02', 6),
(476, '2025-02-06', 6),
(477, '2025-05-12', 6),
(478, '2025-04-10', 6),
(479, '2025-06-30', 6),
(480, '2025-05-05', 6),
(481, '2025-02-19', 6),
(482, '2025-05-23', 6),
(483, '2025-03-25', 6),
(484, '2025-02-13', 6),
(485, '2025-06-05', 6),
(486, '2025-03-20', 6),
(487, '2025-06-16', 6),
(488, '2025-06-04', 6),
(489, '2025-04-01', 6),
(490, '2025-04-17', 6),
(491, '2025-03-24', 6),
(492, '2025-03-03', 6),
(493, '2025-05-20', 6),
(494, '2025-05-01', 6),
(495, '2025-06-03', 6),
(496, '2025-03-17', 6),
(497, '2025-02-05', 6),
(498, '2025-03-11', 6),
(499, '2025-03-03', 6),
(500, '2025-05-01', 6),
(501, '2025-03-11', 6),
(502, '2025-04-14', 6),
(503, '2025-06-10', 6),
(504, '2025-03-21', 6),
(505, '2025-02-04', 6),
(506, '2025-05-08', 6),
(507, '2025-02-07', 6),
(508, '2025-06-05', 6),
(509, '2025-02-06', 6),
(510, '2025-05-12', 6),
(511, '2025-03-10', 6),
(512, '2025-03-07', 6),
(513, '2025-04-02', 6),
(514, '2025-03-21', 6),
(515, '2025-04-02', 6),
(516, '2025-02-21', 6),
(517, '2025-04-17', 6),
(518, '2025-02-17', 6),
(519, '2025-02-04', 6),
(520, '2025-06-02', 6),
(521, '2025-06-26', 6),
(522, '2025-04-03', 6),
(523, '2025-04-16', 6),
(524, '2025-05-29', 6),
(525, '2025-06-25', 6),
(526, '2025-03-13', 6),
(527, '2025-04-11', 6),
(528, '2025-04-16', 6),
(529, '2025-02-18', 6),
(530, '2025-02-11', 6),
(531, '2025-06-04', 6),
(532, '2025-02-14', 6),
(533, '2025-05-06', 7),
(534, '2025-03-05', 7),
(535, '2025-06-11', 7),
(536, '2025-04-17', 7),
(537, '2025-06-27', 7),
(538, '2025-02-28', 7),
(539, '2025-06-30', 7),
(540, '2025-04-04', 7),
(541, '2025-03-14', 7),
(542, '2025-02-11', 7),
(543, '2025-04-18', 7),
(544, '2025-03-26', 7),
(545, '2025-06-30', 7),
(546, '2025-04-25', 7),
(547, '2025-05-28', 7),
(548, '2025-03-06', 7),
(549, '2025-05-29', 7),
(550, '2025-03-10', 7),
(551, '2025-06-12', 7),
(552, '2025-03-12', 7),
(553, '2025-04-24', 7),
(554, '2025-05-26', 7),
(555, '2025-04-10', 7),
(556, '2025-06-06', 7),
(557, '2025-06-05', 7),
(558, '2025-03-06', 7),
(559, '2025-03-12', 7),
(560, '2025-05-08', 7),
(561, '2025-05-12', 7),
(562, '2025-05-29', 7),
(563, '2025-06-18', 7),
(564, '2025-03-07', 7),
(565, '2025-04-01', 7),
(566, '2025-03-18', 7),
(567, '2025-03-21', 7),
(568, '2025-04-30', 7),
(569, '2025-06-04', 7),
(570, '2025-02-04', 7),
(571, '2025-06-03', 7),
(572, '2025-05-01', 7),
(573, '2025-06-25', 7),
(574, '2025-02-05', 7),
(575, '2025-03-10', 7),
(576, '2025-02-24', 7),
(577, '2025-05-27', 7),
(578, '2025-03-03', 7),
(579, '2025-06-17', 7),
(580, '2025-06-30', 7),
(581, '2025-02-21', 7),
(582, '2025-02-18', 7),
(583, '2025-04-11', 7),
(584, '2025-06-26', 7),
(585, '2025-04-09', 7),
(586, '2025-03-26', 7),
(587, '2025-02-06', 7),
(588, '2025-06-19', 7),
(589, '2025-06-26', 7),
(590, '2025-03-06', 7),
(591, '2025-04-21', 7),
(592, '2025-02-19', 7),
(593, '2025-02-06', 7),
(594, '2025-06-02', 7),
(595, '2025-06-23', 7),
(596, '2025-03-20', 7),
(597, '2025-05-23', 7),
(598, '2025-04-22', 7),
(599, '2025-03-20', 7),
(600, '2025-02-03', 7),
(601, '2025-05-12', 7),
(602, '2025-06-19', 7),
(603, '2025-05-02', 7),
(604, '2025-03-11', 7),
(605, '2025-04-30', 7),
(606, '2025-04-22', 7),
(607, '2025-06-18', 7),
(608, '2025-06-27', 7),
(609, '2025-02-21', 7),
(610, '2025-04-08', 7),
(611, '2025-02-28', 7),
(612, '2025-04-16', 7),
(613, '2025-05-29', 7),
(614, '2025-06-25', 7),
(615, '2025-04-10', 7),
(616, '2025-03-31', 7),
(617, '2025-05-01', 7),
(618, '2025-05-30', 7),
(619, '2025-02-26', 7),
(620, '2025-04-14', 7),
(621, '2025-06-16', 7),
(622, '2025-02-13', 7),
(623, '2025-05-14', 7),
(624, '2025-02-27', 7),
(625, '2025-05-15', 7),
(626, '2025-06-16', 7),
(627, '2025-04-10', 7),
(628, '2025-04-28', 7),
(629, '2025-06-11', 7),
(630, '2025-05-29', 7),
(631, '2025-03-17', 7),
(632, '2025-02-19', 7),
(633, '2025-05-12', 7),
(634, '2025-03-03', 7),
(635, '2025-03-26', 7),
(636, '2025-06-03', 7),
(637, '2025-04-30', 7),
(638, '2025-06-18', 7),
(639, '2025-03-25', 8),
(640, '2025-02-21', 8),
(641, '2025-02-26', 8),
(642, '2025-03-17', 8),
(643, '2025-06-27', 8),
(644, '2025-04-09', 8),
(645, '2025-06-24', 8),
(646, '2025-04-07', 8),
(647, '2025-03-19', 8),
(648, '2025-03-11', 8),
(649, '2025-03-25', 8),
(650, '2025-05-19', 8),
(651, '2025-02-21', 8),
(652, '2025-04-25', 8),
(653, '2025-03-27', 8),
(654, '2025-02-24', 8),
(655, '2025-05-14', 8),
(656, '2025-05-12', 8),
(657, '2025-04-18', 8),
(658, '2025-03-12', 8),
(659, '2025-05-07', 8),
(660, '2025-03-31', 8),
(661, '2025-02-12', 8),
(662, '2025-03-07', 8),
(663, '2025-06-17', 8),
(664, '2025-06-10', 8),
(665, '2025-04-30', 8),
(666, '2025-03-26', 8),
(667, '2025-06-19', 8),
(668, '2025-04-14', 8),
(669, '2025-03-13', 8),
(670, '2025-05-07', 8),
(671, '2025-04-17', 8),
(672, '2025-05-06', 8),
(673, '2025-05-05', 8),
(674, '2025-03-19', 8),
(675, '2025-06-06', 8),
(676, '2025-03-12', 8),
(677, '2025-05-30', 8),
(678, '2025-02-27', 8),
(679, '2025-04-15', 8),
(680, '2025-03-10', 8),
(681, '2025-04-03', 8),
(682, '2025-03-17', 8),
(683, '2025-03-10', 8),
(684, '2025-02-19', 8),
(685, '2025-04-15', 8),
(686, '2025-02-12', 8),
(687, '2025-06-17', 8),
(688, '2025-03-20', 8),
(689, '2025-06-09', 8),
(690, '2025-03-24', 8),
(691, '2025-05-15', 8),
(692, '2025-02-04', 8),
(693, '2025-02-28', 8),
(694, '2025-05-26', 8),
(695, '2025-03-12', 8),
(696, '2025-02-06', 8),
(697, '2025-06-02', 8),
(698, '2025-06-16', 8),
(699, '2025-02-14', 8),
(700, '2025-05-21', 8),
(701, '2025-03-28', 8),
(702, '2025-05-13', 8),
(703, '2025-03-12', 8),
(704, '2025-03-18', 8),
(705, '2025-05-19', 8),
(706, '2025-05-12', 8),
(707, '2025-03-05', 8),
(708, '2025-06-19', 8),
(709, '2025-05-29', 8),
(710, '2025-02-21', 8),
(711, '2025-03-21', 8),
(712, '2025-03-04', 8),
(713, '2025-06-20', 8),
(714, '2025-05-23', 8),
(715, '2025-04-04', 8),
(716, '2025-06-06', 8),
(717, '2025-06-20', 8),
(718, '2025-02-21', 8),
(719, '2025-02-11', 8),
(720, '2025-05-09', 8),
(721, '2025-03-18', 8),
(722, '2025-03-27', 8),
(723, '2025-06-18', 8),
(724, '2025-05-08', 8),
(725, '2025-02-07', 8),
(726, '2025-06-04', 8),
(727, '2025-04-15', 8),
(728, '2025-06-11', 8),
(729, '2025-06-25', 8),
(730, '2025-02-11', 8),
(731, '2025-05-29', 8),
(732, '2025-02-25', 8),
(733, '2025-05-16', 8),
(734, '2025-06-11', 8),
(735, '2025-03-28', 8),
(736, '2025-03-10', 8),
(737, '2025-06-25', 8),
(738, '2025-02-06', 8),
(739, '2025-02-13', 9),
(740, '2025-03-18', 9),
(741, '2025-03-10', 9),
(742, '2025-03-25', 9),
(743, '2025-06-30', 9),
(744, '2025-05-20', 9),
(745, '2025-05-05', 9),
(746, '2025-05-08', 9),
(747, '2025-02-17', 9),
(748, '2025-05-22', 9),
(749, '2025-06-10', 9),
(750, '2025-02-13', 9),
(751, '2025-06-05', 9),
(752, '2025-06-17', 9),
(753, '2025-04-23', 9),
(754, '2025-02-25', 9),
(755, '2025-03-11', 9),
(756, '2025-06-05', 9),
(757, '2025-03-28', 9),
(758, '2025-05-29', 9),
(759, '2025-05-27', 9),
(760, '2025-04-15', 9),
(761, '2025-02-25', 9),
(762, '2025-02-26', 9),
(763, '2025-05-22', 9),
(764, '2025-04-23', 9),
(765, '2025-03-12', 9),
(766, '2025-05-16', 9),
(767, '2025-05-12', 9),
(768, '2025-03-13', 9),
(769, '2025-03-25', 9),
(770, '2025-06-20', 9),
(771, '2025-05-02', 9),
(772, '2025-03-07', 9),
(773, '2025-06-23', 9),
(774, '2025-05-28', 9),
(775, '2025-02-06', 9),
(776, '2025-02-20', 9),
(777, '2025-02-20', 9),
(778, '2025-03-25', 9),
(779, '2025-03-12', 9),
(780, '2025-03-24', 9),
(781, '2025-06-19', 9),
(782, '2025-04-29', 9),
(783, '2025-04-30', 9),
(784, '2025-06-19', 9),
(785, '2025-04-15', 9),
(786, '2025-03-12', 9),
(787, '2025-03-25', 9),
(788, '2025-06-25', 9),
(789, '2025-05-28', 9),
(790, '2025-05-05', 9),
(791, '2025-06-13', 9),
(792, '2025-06-24', 9),
(793, '2025-02-20', 9),
(794, '2025-05-27', 9),
(795, '2025-02-12', 9),
(796, '2025-04-14', 9),
(797, '2025-05-01', 9),
(798, '2025-04-22', 9),
(799, '2025-06-13', 9),
(800, '2025-03-26', 9),
(801, '2025-06-16', 9),
(802, '2025-05-29', 9),
(803, '2025-05-21', 9),
(804, '2025-05-30', 9),
(805, '2025-05-29', 9),
(806, '2025-04-22', 9),
(807, '2025-03-10', 9),
(808, '2025-02-14', 9),
(809, '2025-05-19', 9),
(810, '2025-04-07', 10),
(811, '2025-03-06', 10),
(812, '2025-06-02', 10),
(813, '2025-04-09', 10),
(814, '2025-02-21', 10),
(815, '2025-03-20', 10),
(816, '2025-02-28', 10),
(817, '2025-06-26', 10),
(818, '2025-03-18', 10),
(819, '2025-05-02', 10),
(820, '2025-05-13', 10),
(821, '2025-04-14', 10),
(822, '2025-02-17', 10),
(823, '2025-02-17', 10),
(824, '2025-03-03', 10),
(825, '2025-05-13', 10),
(826, '2025-05-30', 10),
(827, '2025-06-19', 10),
(828, '2025-04-10', 10),
(829, '2025-04-21', 10),
(830, '2025-03-18', 10),
(831, '2025-06-17', 10),
(832, '2025-05-09', 10),
(833, '2025-04-18', 10),
(834, '2025-05-01', 10),
(835, '2025-04-11', 10),
(836, '2025-04-21', 10),
(837, '2025-03-10', 10),
(838, '2025-04-22', 10),
(839, '2025-05-19', 10),
(840, '2025-06-26', 10),
(841, '2025-05-01', 10),
(842, '2025-06-13', 10),
(843, '2025-05-06', 10),
(844, '2025-04-14', 10),
(845, '2025-04-23', 10),
(846, '2025-03-13', 10),
(847, '2025-05-19', 10),
(848, '2025-05-28', 10),
(849, '2025-05-20', 10),
(850, '2025-03-14', 10),
(851, '2025-04-17', 10),
(852, '2025-05-15', 10),
(853, '2025-06-24', 10),
(854, '2025-02-24', 10),
(855, '2025-06-03', 10),
(856, '2025-05-02', 10),
(857, '2025-04-30', 10),
(858, '2025-02-18', 10),
(859, '2025-06-03', 10),
(860, '2025-05-23', 10),
(861, '2025-03-13', 10),
(862, '2025-05-21', 10),
(863, '2025-03-20', 10),
(864, '2025-04-04', 10),
(865, '2025-02-18', 10),
(866, '2025-03-25', 10),
(867, '2025-04-01', 10),
(868, '2025-06-19', 10),
(869, '2025-03-27', 10),
(870, '2025-04-21', 10),
(871, '2025-04-28', 10),
(872, '2025-03-17', 10),
(873, '2025-06-13', 10),
(874, '2025-02-12', 10),
(875, '2025-02-10', 10),
(876, '2025-03-18', 10),
(877, '2025-03-05', 10),
(878, '2025-02-28', 10),
(879, '2025-03-10', 10),
(880, '2025-05-19', 10),
(881, '2025-06-04', 10),
(882, '2025-06-27', 10),
(883, '2025-04-02', 10),
(884, '2025-02-13', 10),
(885, '2025-03-06', 10),
(886, '2025-06-10', 10),
(887, '2025-05-06', 10),
(888, '2025-05-16', 10),
(889, '2025-04-14', 10),
(890, '2025-03-21', 10),
(891, '2025-06-16', 11),
(892, '2025-03-19', 11),
(893, '2025-04-21', 11),
(894, '2025-05-20', 11),
(895, '2025-02-05', 11),
(896, '2025-06-05', 11),
(897, '2025-04-17', 11),
(898, '2025-06-19', 11),
(899, '2025-05-19', 11),
(900, '2025-03-17', 11),
(901, '2025-05-30', 11),
(902, '2025-03-24', 11),
(903, '2025-06-16', 11),
(904, '2025-04-11', 11),
(905, '2025-05-15', 11),
(906, '2025-02-17', 11),
(907, '2025-04-29', 11),
(908, '2025-04-30', 11),
(909, '2025-03-03', 11),
(910, '2025-03-11', 11),
(911, '2025-05-09', 11),
(912, '2025-04-16', 11),
(913, '2025-04-22', 11),
(914, '2025-02-28', 11),
(915, '2025-03-20', 11),
(916, '2025-02-03', 11),
(917, '2025-02-13', 11),
(918, '2025-03-18', 11),
(919, '2025-03-13', 11),
(920, '2025-04-10', 11),
(921, '2025-04-09', 11),
(922, '2025-06-12', 11),
(923, '2025-02-07', 11),
(924, '2025-04-29', 11),
(925, '2025-03-05', 11),
(926, '2025-05-14', 11),
(927, '2025-05-30', 11),
(928, '2025-06-16', 11),
(929, '2025-06-30', 11),
(930, '2025-06-09', 11),
(931, '2025-03-13', 11),
(932, '2025-05-09', 11),
(933, '2025-04-07', 11),
(934, '2025-06-13', 11),
(935, '2025-05-15', 11),
(936, '2025-06-20', 11),
(937, '2025-03-12', 11),
(938, '2025-05-30', 11),
(939, '2025-04-02', 11),
(940, '2025-05-08', 11),
(941, '2025-02-13', 11),
(942, '2025-06-10', 11),
(943, '2025-02-06', 11),
(944, '2025-04-29', 11),
(945, '2025-06-04', 11),
(946, '2025-03-27', 11),
(947, '2025-03-26', 11),
(948, '2025-05-14', 11),
(949, '2025-03-24', 11),
(950, '2025-05-12', 11),
(951, '2025-03-20', 11),
(952, '2025-02-12', 11),
(953, '2025-02-19', 11),
(954, '2025-03-31', 11),
(955, '2025-04-28', 11),
(956, '2025-05-21', 11),
(957, '2025-06-16', 11),
(958, '2025-03-21', 11),
(959, '2025-06-19', 11),
(960, '2025-05-08', 11),
(961, '2025-04-09', 11),
(962, '2025-03-20', 11),
(963, '2025-03-07', 11),
(964, '2025-03-04', 11),
(965, '2025-03-26', 11),
(966, '2025-05-12', 11),
(967, '2025-02-14', 12),
(968, '2025-06-27', 12),
(969, '2025-02-05', 12),
(970, '2025-03-07', 12),
(971, '2025-02-11', 12),
(972, '2025-05-08', 12),
(973, '2025-02-18', 12),
(974, '2025-04-25', 12),
(975, '2025-04-04', 12),
(976, '2025-04-07', 12),
(977, '2025-06-20', 12),
(978, '2025-03-24', 12),
(979, '2025-06-19', 12),
(980, '2025-04-29', 12),
(981, '2025-06-27', 12),
(982, '2025-04-10', 12),
(983, '2025-03-26', 12),
(984, '2025-04-01', 12),
(985, '2025-06-20', 12),
(986, '2025-04-08', 12),
(987, '2025-05-20', 12),
(988, '2025-03-07', 12),
(989, '2025-06-27', 12),
(990, '2025-02-10', 12),
(991, '2025-03-27', 12),
(992, '2025-05-16', 12),
(993, '2025-06-03', 12),
(994, '2025-06-20', 12),
(995, '2025-03-04', 12),
(996, '2025-03-12', 12),
(997, '2025-05-13', 12),
(998, '2025-02-21', 12),
(999, '2025-06-26', 12),
(1000, '2025-03-12', 12),
(1001, '2025-03-10', 12),
(1002, '2025-03-06', 12),
(1003, '2025-03-03', 12),
(1004, '2025-06-05', 12),
(1005, '2025-04-14', 12),
(1006, '2025-03-04', 12),
(1007, '2025-06-12', 12),
(1008, '2025-05-27', 12),
(1009, '2025-03-03', 12),
(1010, '2025-05-19', 12),
(1011, '2025-06-26', 12),
(1012, '2025-05-16', 12),
(1013, '2025-04-30', 12),
(1014, '2025-04-11', 12),
(1015, '2025-05-29', 12),
(1016, '2025-04-22', 12),
(1017, '2025-03-19', 12),
(1018, '2025-06-23', 12),
(1019, '2025-06-03', 12),
(1020, '2025-05-21', 12),
(1021, '2025-06-23', 12),
(1022, '2025-04-24', 12),
(1023, '2025-06-02', 12),
(1024, '2025-04-14', 12),
(1025, '2025-06-12', 12),
(1026, '2025-04-22', 12),
(1027, '2025-02-12', 12),
(1028, '2025-05-26', 12),
(1029, '2025-04-28', 12),
(1030, '2025-05-01', 12),
(1031, '2025-03-12', 12),
(1032, '2025-06-04', 12),
(1033, '2025-06-27', 12),
(1034, '2025-06-11', 12),
(1035, '2025-04-07', 12),
(1036, '2025-04-25', 12),
(1037, '2025-04-15', 12),
(1038, '2025-05-29', 12),
(1039, '2025-04-07', 12),
(1040, '2025-06-19', 12),
(1041, '2025-02-11', 12),
(1042, '2025-04-29', 12),
(1043, '2025-05-14', 12),
(1044, '2025-05-16', 12),
(1045, '2025-02-05', 12),
(1046, '2025-02-12', 12),
(1047, '2025-03-13', 12),
(1048, '2025-02-07', 12),
(1049, '2025-04-23', 12),
(1050, '2025-04-30', 12),
(1051, '2025-03-18', 12),
(1052, '2025-05-23', 12),
(1053, '2025-06-02', 12),
(1054, '2025-06-02', 12),
(1055, '2025-05-05', 12),
(1056, '2025-05-15', 12),
(1057, '2025-03-13', 12),
(1058, '2025-06-25', 12),
(1059, '2025-05-20', 12),
(1060, '2025-02-27', 12),
(1061, '2025-05-16', 12),
(1062, '2025-06-25', 12),
(1063, '2025-05-22', 12),
(1064, '2025-05-28', 12),
(1065, '2025-05-12', 12),
(1066, '2025-02-03', 12),
(1067, '2025-02-11', 12),
(1068, '2025-03-18', 12),
(1069, '2025-03-18', 12),
(1070, '2025-06-16', 13),
(1071, '2025-02-12', 13),
(1072, '2025-05-14', 13),
(1073, '2025-02-28', 13),
(1074, '2025-06-10', 13),
(1075, '2025-05-26', 13),
(1076, '2025-06-13', 13),
(1077, '2025-02-03', 13),
(1078, '2025-02-11', 13),
(1079, '2025-03-19', 13),
(1080, '2025-05-23', 13),
(1081, '2025-04-10', 13),
(1082, '2025-02-11', 13),
(1083, '2025-05-16', 13),
(1084, '2025-04-21', 13),
(1085, '2025-04-25', 13),
(1086, '2025-04-25', 13),
(1087, '2025-02-20', 13),
(1088, '2025-06-26', 13),
(1089, '2025-04-09', 13),
(1090, '2025-03-25', 13),
(1091, '2025-04-01', 13),
(1092, '2025-06-19', 13),
(1093, '2025-04-07', 13),
(1094, '2025-04-02', 13),
(1095, '2025-03-21', 13),
(1096, '2025-04-18', 13),
(1097, '2025-04-29', 13),
(1098, '2025-02-26', 13),
(1099, '2025-05-15', 13),
(1100, '2025-04-29', 13),
(1101, '2025-04-17', 13),
(1102, '2025-03-25', 13),
(1103, '2025-03-12', 13),
(1104, '2025-03-11', 13),
(1105, '2025-04-16', 13),
(1106, '2025-05-16', 13),
(1107, '2025-02-03', 13),
(1108, '2025-06-27', 13),
(1109, '2025-06-04', 13),
(1110, '2025-03-04', 13),
(1111, '2025-04-28', 13),
(1112, '2025-04-11', 13),
(1113, '2025-05-02', 13),
(1114, '2025-05-05', 13),
(1115, '2025-03-20', 13),
(1116, '2025-05-19', 13),
(1117, '2025-05-07', 13),
(1118, '2025-02-05', 13),
(1119, '2025-03-06', 13),
(1120, '2025-05-05', 13),
(1121, '2025-02-21', 13),
(1122, '2025-05-02', 13),
(1123, '2025-05-06', 13),
(1124, '2025-03-20', 13),
(1125, '2025-05-15', 13),
(1126, '2025-04-17', 13),
(1127, '2025-04-07', 13),
(1128, '2025-05-14', 13),
(1129, '2025-06-12', 13),
(1130, '2025-02-12', 13),
(1131, '2025-02-17', 13),
(1132, '2025-04-25', 13),
(1133, '2025-04-15', 13),
(1134, '2025-05-26', 13),
(1135, '2025-03-24', 13),
(1136, '2025-04-08', 13),
(1137, '2025-02-28', 13),
(1138, '2025-03-19', 13),
(1139, '2025-03-14', 13),
(1140, '2025-06-11', 13),
(1141, '2025-06-26', 13),
(1142, '2025-03-17', 13),
(1143, '2025-04-29', 13),
(1144, '2025-02-04', 13),
(1145, '2025-03-27', 13),
(1146, '2025-05-14', 13),
(1147, '2025-05-14', 13),
(1148, '2025-06-11', 13),
(1149, '2025-04-02', 13),
(1150, '2025-04-01', 13),
(1151, '2025-05-26', 13),
(1152, '2025-05-08', 13),
(1153, '2025-06-20', 13),
(1154, '2025-05-21', 13),
(1155, '2025-04-25', 13),
(1156, '2025-04-28', 13),
(1157, '2025-03-04', 13),
(1158, '2025-03-21', 13),
(1159, '2025-06-23', 13),
(1160, '2025-02-21', 13),
(1161, '2025-04-01', 13),
(1162, '2025-06-20', 14),
(1163, '2025-02-26', 14),
(1164, '2025-02-11', 14),
(1165, '2025-06-05', 14),
(1166, '2025-03-05', 14),
(1167, '2025-03-12', 14),
(1168, '2025-05-12', 14),
(1169, '2025-06-05', 14),
(1170, '2025-05-12', 14),
(1171, '2025-03-13', 14),
(1172, '2025-02-26', 14),
(1173, '2025-02-07', 14),
(1174, '2025-05-19', 14),
(1175, '2025-04-10', 14),
(1176, '2025-02-19', 14),
(1177, '2025-03-10', 14),
(1178, '2025-06-13', 14),
(1179, '2025-05-12', 14),
(1180, '2025-04-21', 14),
(1181, '2025-04-18', 14),
(1182, '2025-03-27', 14),
(1183, '2025-06-12', 14),
(1184, '2025-03-17', 14),
(1185, '2025-06-09', 14),
(1186, '2025-04-02', 14),
(1187, '2025-04-04', 14),
(1188, '2025-03-11', 14),
(1189, '2025-02-04', 14),
(1190, '2025-03-28', 14),
(1191, '2025-05-26', 14),
(1192, '2025-03-13', 14),
(1193, '2025-03-03', 14),
(1194, '2025-03-05', 14),
(1195, '2025-02-18', 14),
(1196, '2025-04-30', 14),
(1197, '2025-06-24', 14),
(1198, '2025-02-03', 14),
(1199, '2025-06-23', 14),
(1200, '2025-02-24', 14),
(1201, '2025-03-05', 14),
(1202, '2025-03-11', 14),
(1203, '2025-04-15', 14),
(1204, '2025-04-17', 14),
(1205, '2025-02-05', 14),
(1206, '2025-05-08', 14),
(1207, '2025-02-18', 14),
(1208, '2025-05-09', 14),
(1209, '2025-06-18', 14),
(1210, '2025-03-06', 14),
(1211, '2025-05-20', 14),
(1212, '2025-04-11', 14),
(1213, '2025-03-24', 14),
(1214, '2025-04-03', 14),
(1215, '2025-02-26', 14),
(1216, '2025-04-30', 14),
(1217, '2025-05-23', 14),
(1218, '2025-04-01', 14),
(1219, '2025-05-27', 14),
(1220, '2025-06-27', 14),
(1221, '2025-06-16', 14),
(1222, '2025-04-29', 14),
(1223, '2025-03-06', 14),
(1224, '2025-03-25', 14),
(1225, '2025-04-07', 14),
(1226, '2025-02-21', 14),
(1227, '2025-04-09', 14),
(1228, '2025-04-23', 14),
(1229, '2025-03-28', 14),
(1230, '2025-03-05', 14),
(1231, '2025-06-26', 14),
(1232, '2025-03-03', 14),
(1233, '2025-06-05', 14),
(1234, '2025-03-03', 14),
(1235, '2025-05-20', 14),
(1236, '2025-06-30', 14),
(1237, '2025-06-05', 14),
(1238, '2025-03-07', 14),
(1239, '2025-06-12', 14),
(1240, '2025-04-30', 14),
(1241, '2025-03-06', 14),
(1242, '2025-03-26', 14),
(1243, '2025-02-17', 14),
(1244, '2025-04-11', 14),
(1245, '2025-06-30', 14),
(1246, '2025-05-02', 14),
(1247, '2025-02-25', 14),
(1248, '2025-02-14', 14),
(1249, '2025-06-27', 14),
(1250, '2025-02-25', 14),
(1251, '2025-06-23', 14),
(1252, '2025-03-13', 14),
(1253, '2025-04-14', 14),
(1254, '2025-03-06', 14),
(1255, '2025-03-14', 14),
(1256, '2025-05-21', 14),
(1257, '2025-04-18', 14),
(1258, '2025-03-25', 14),
(1259, '2025-02-03', 14),
(1260, '2025-05-08', 14),
(1261, '2025-02-25', 14),
(1262, '2025-06-18', 15),
(1263, '2025-06-24', 15),
(1264, '2025-02-14', 15),
(1265, '2025-05-08', 15),
(1266, '2025-06-23', 15),
(1267, '2025-06-05', 15),
(1268, '2025-03-18', 15),
(1269, '2025-05-15', 15),
(1270, '2025-06-17', 15),
(1271, '2025-04-29', 15),
(1272, '2025-03-06', 15),
(1273, '2025-04-22', 15),
(1274, '2025-03-10', 15),
(1275, '2025-06-20', 15),
(1276, '2025-05-13', 15),
(1277, '2025-05-19', 15),
(1278, '2025-04-22', 15),
(1279, '2025-04-22', 15),
(1280, '2025-02-13', 15),
(1281, '2025-05-20', 15),
(1282, '2025-02-06', 15),
(1283, '2025-04-10', 15),
(1284, '2025-02-26', 15),
(1285, '2025-04-15', 15),
(1286, '2025-06-20', 15),
(1287, '2025-03-24', 15),
(1288, '2025-05-19', 15),
(1289, '2025-02-20', 15),
(1290, '2025-02-27', 15),
(1291, '2025-03-25', 15),
(1292, '2025-03-05', 15),
(1293, '2025-02-05', 15),
(1294, '2025-04-17', 15),
(1295, '2025-04-07', 15),
(1296, '2025-05-22', 15),
(1297, '2025-06-12', 15),
(1298, '2025-02-28', 15),
(1299, '2025-06-10', 15),
(1300, '2025-03-27', 15),
(1301, '2025-04-25', 15),
(1302, '2025-05-14', 15),
(1303, '2025-05-16', 15),
(1304, '2025-03-07', 15),
(1305, '2025-04-30', 15),
(1306, '2025-05-30', 15),
(1307, '2025-02-27', 15),
(1308, '2025-04-17', 15),
(1309, '2025-04-17', 15),
(1310, '2025-04-16', 15),
(1311, '2025-04-03', 15),
(1312, '2025-02-18', 15),
(1313, '2025-03-24', 15),
(1314, '2025-05-19', 15),
(1315, '2025-04-22', 15),
(1316, '2025-04-24', 15),
(1317, '2025-06-06', 15),
(1318, '2025-02-03', 15),
(1319, '2025-06-03', 15),
(1320, '2025-04-04', 15),
(1321, '2025-06-25', 15),
(1322, '2025-04-25', 15),
(1323, '2025-05-28', 15),
(1324, '2025-03-06', 15),
(1325, '2025-05-29', 15),
(1326, '2025-03-11', 15),
(1327, '2025-06-20', 15),
(1328, '2025-05-09', 15),
(1329, '2025-04-28', 15),
(1330, '2025-06-20', 15),
(1331, '2025-06-12', 15),
(1332, '2025-05-05', 15),
(1333, '2025-05-19', 15),
(1334, '2025-05-19', 15),
(1335, '2025-04-07', 15),
(1336, '2025-02-03', 15),
(1337, '2025-05-30', 15),
(1338, '2025-06-13', 15),
(1339, '2025-05-06', 15),
(1340, '2025-03-18', 15),
(1341, '2025-03-24', 15),
(1342, '2025-06-04', 15),
(1343, '2025-02-12', 15),
(1344, '2025-06-18', 15),
(1345, '2025-03-24', 15),
(1346, '2025-06-27', 15),
(1347, '2025-06-09', 15),
(1348, '2025-03-25', 15),
(1349, '2025-02-28', 15),
(1350, '2025-06-11', 15),
(1351, '2025-05-30', 15),
(1352, '2025-03-26', 15),
(1353, '2025-04-03', 15),
(1354, '2025-06-27', 15),
(1355, '2025-05-09', 15),
(1356, '2025-03-20', 15),
(1357, '2025-05-06', 15),
(1358, '2025-03-03', 15),
(1359, '2025-02-21', 15),
(1360, '2025-02-13', 15),
(1361, '2025-05-15', 15),
(1362, '2025-04-15', 15),
(1363, '2025-03-28', 15),
(1364, '2025-06-11', 16),
(1365, '2025-02-21', 16),
(1366, '2025-03-07', 16),
(1367, '2025-06-09', 16),
(1368, '2025-06-10', 16),
(1369, '2025-05-22', 16),
(1370, '2025-03-24', 16),
(1371, '2025-06-27', 16),
(1372, '2025-06-10', 16),
(1373, '2025-03-20', 16),
(1374, '2025-04-10', 16),
(1375, '2025-03-19', 16),
(1376, '2025-02-28', 16),
(1377, '2025-04-02', 16),
(1378, '2025-02-10', 16),
(1379, '2025-04-22', 16),
(1380, '2025-03-11', 16),
(1381, '2025-04-24', 16),
(1382, '2025-02-21', 16),
(1383, '2025-04-01', 16),
(1384, '2025-05-01', 16),
(1385, '2025-05-30', 16),
(1386, '2025-02-24', 16),
(1387, '2025-04-04', 16),
(1388, '2025-05-02', 16),
(1389, '2025-06-30', 16),
(1390, '2025-05-16', 16),
(1391, '2025-04-15', 16),
(1392, '2025-03-26', 16),
(1393, '2025-03-21', 16),
(1394, '2025-04-25', 16),
(1395, '2025-05-30', 16),
(1396, '2025-03-17', 16),
(1397, '2025-05-28', 16),
(1398, '2025-02-07', 16),
(1399, '2025-06-13', 16),
(1400, '2025-06-24', 16),
(1401, '2025-04-15', 16),
(1402, '2025-05-01', 16),
(1403, '2025-04-17', 16),
(1404, '2025-05-20', 16),
(1405, '2025-03-26', 16),
(1406, '2025-04-11', 16),
(1407, '2025-03-10', 16),
(1408, '2025-06-09', 16),
(1409, '2025-02-10', 16),
(1410, '2025-05-22', 16),
(1411, '2025-04-16', 16),
(1412, '2025-03-14', 16),
(1413, '2025-05-09', 16),
(1414, '2025-06-12', 16),
(1415, '2025-05-16', 16),
(1416, '2025-06-06', 16),
(1417, '2025-05-08', 16),
(1418, '2025-03-12', 16),
(1419, '2025-05-01', 16),
(1420, '2025-04-11', 16),
(1421, '2025-05-26', 16),
(1422, '2025-06-10', 16),
(1423, '2025-02-05', 16),
(1424, '2025-04-25', 16),
(1425, '2025-05-16', 16),
(1426, '2025-06-03', 16),
(1427, '2025-04-24', 16),
(1428, '2025-05-23', 16),
(1429, '2025-02-10', 16),
(1430, '2025-02-14', 16),
(1431, '2025-03-12', 16),
(1432, '2025-04-15', 16),
(1433, '2025-04-03', 16),
(1434, '2025-03-25', 16),
(1435, '2025-04-30', 16),
(1436, '2025-06-17', 16),
(1437, '2025-05-30', 16),
(1438, '2025-03-04', 16),
(1439, '2025-05-15', 16),
(1440, '2025-06-23', 16),
(1441, '2025-03-24', 16),
(1442, '2025-06-09', 16),
(1443, '2025-03-13', 16),
(1444, '2025-05-26', 16),
(1445, '2025-05-27', 16),
(1446, '2025-06-02', 16),
(1447, '2025-05-22', 16),
(1448, '2025-02-14', 17),
(1449, '2025-02-03', 17),
(1450, '2025-02-19', 17),
(1451, '2025-04-09', 17),
(1452, '2025-04-23', 17),
(1453, '2025-03-31', 17),
(1454, '2025-03-18', 17),
(1455, '2025-06-24', 17),
(1456, '2025-03-31', 17),
(1457, '2025-02-12', 17),
(1458, '2025-03-04', 17),
(1459, '2025-06-06', 17),
(1460, '2025-04-23', 17),
(1461, '2025-03-04', 17),
(1462, '2025-04-03', 17),
(1463, '2025-06-12', 17),
(1464, '2025-02-19', 17),
(1465, '2025-06-27', 17),
(1466, '2025-05-09', 17),
(1467, '2025-05-01', 17),
(1468, '2025-06-09', 17),
(1469, '2025-04-14', 17),
(1470, '2025-05-23', 17),
(1471, '2025-06-20', 17),
(1472, '2025-03-27', 17),
(1473, '2025-02-03', 17),
(1474, '2025-06-13', 17),
(1475, '2025-04-10', 17),
(1476, '2025-05-05', 17),
(1477, '2025-05-26', 17),
(1478, '2025-04-07', 17),
(1479, '2025-03-24', 17),
(1480, '2025-04-02', 17),
(1481, '2025-05-19', 17),
(1482, '2025-05-07', 17),
(1483, '2025-02-05', 17),
(1484, '2025-02-17', 17),
(1485, '2025-06-06', 17),
(1486, '2025-05-20', 17),
(1487, '2025-02-12', 17),
(1488, '2025-03-04', 17),
(1489, '2025-06-02', 17),
(1490, '2025-05-19', 17),
(1491, '2025-03-17', 17),
(1492, '2025-02-27', 17),
(1493, '2025-04-02', 17),
(1494, '2025-06-13', 17),
(1495, '2025-03-04', 17),
(1496, '2025-04-03', 17),
(1497, '2025-04-04', 17),
(1498, '2025-06-10', 17),
(1499, '2025-02-10', 17),
(1500, '2025-05-20', 17),
(1501, '2025-04-04', 17),
(1502, '2025-06-19', 17),
(1503, '2025-03-27', 17),
(1504, '2025-03-03', 17),
(1505, '2025-06-04', 17),
(1506, '2025-04-18', 17),
(1507, '2025-02-12', 17),
(1508, '2025-06-11', 17),
(1509, '2025-06-19', 17),
(1510, '2025-05-16', 17),
(1511, '2025-06-25', 17),
(1512, '2025-06-27', 17),
(1513, '2025-04-08', 17),
(1514, '2025-06-19', 17),
(1515, '2025-03-17', 17),
(1516, '2025-05-08', 17),
(1517, '2025-02-17', 17),
(1518, '2025-05-23', 17),
(1519, '2025-06-10', 17),
(1520, '2025-06-16', 17),
(1521, '2025-03-05', 17),
(1522, '2025-03-31', 17),
(1523, '2025-03-27', 17),
(1524, '2025-02-13', 17),
(1525, '2025-04-07', 17),
(1526, '2025-02-27', 17),
(1527, '2025-03-17', 18),
(1528, '2025-05-30', 18),
(1529, '2025-06-13', 18),
(1530, '2025-03-13', 18),
(1531, '2025-05-15', 18),
(1532, '2025-05-09', 18),
(1533, '2025-02-25', 18),
(1534, '2025-06-13', 18),
(1535, '2025-06-20', 18),
(1536, '2025-06-30', 18),
(1537, '2025-04-04', 18),
(1538, '2025-02-13', 18),
(1539, '2025-02-24', 18),
(1540, '2025-04-23', 18),
(1541, '2025-03-10', 18),
(1542, '2025-05-05', 18),
(1543, '2025-03-27', 18),
(1544, '2025-06-23', 18),
(1545, '2025-05-12', 18),
(1546, '2025-04-15', 18),
(1547, '2025-04-08', 18),
(1548, '2025-04-09', 18),
(1549, '2025-02-13', 18),
(1550, '2025-04-15', 18),
(1551, '2025-02-04', 18),
(1552, '2025-05-09', 18),
(1553, '2025-02-25', 18),
(1554, '2025-06-11', 18),
(1555, '2025-06-09', 18),
(1556, '2025-05-13', 18),
(1557, '2025-06-04', 18),
(1558, '2025-02-11', 18),
(1559, '2025-03-13', 18),
(1560, '2025-05-12', 18),
(1561, '2025-04-22', 18),
(1562, '2025-04-22', 18),
(1563, '2025-03-06', 18),
(1564, '2025-02-11', 18),
(1565, '2025-04-25', 18),
(1566, '2025-03-26', 18),
(1567, '2025-02-19', 18),
(1568, '2025-04-22', 18),
(1569, '2025-03-21', 18),
(1570, '2025-02-12', 18),
(1571, '2025-03-25', 18),
(1572, '2025-04-21', 18),
(1573, '2025-06-16', 18),
(1574, '2025-03-06', 18),
(1575, '2025-04-02', 18),
(1576, '2025-03-26', 18),
(1577, '2025-05-26', 18),
(1578, '2025-03-10', 18),
(1579, '2025-06-19', 18),
(1580, '2025-06-12', 18),
(1581, '2025-05-02', 18),
(1582, '2025-02-19', 18),
(1583, '2025-04-09', 18),
(1584, '2025-02-20', 18),
(1585, '2025-06-26', 18),
(1586, '2025-04-08', 18),
(1587, '2025-03-21', 18),
(1588, '2025-03-14', 18),
(1589, '2025-04-03', 18),
(1590, '2025-03-05', 18),
(1591, '2025-06-09', 18),
(1592, '2025-05-05', 18),
(1593, '2025-04-25', 18),
(1594, '2025-06-05', 18),
(1595, '2025-04-09', 18),
(1596, '2025-05-26', 18),
(1597, '2025-06-30', 18),
(1598, '2025-06-30', 18),
(1599, '2025-04-30', 18),
(1600, '2025-06-25', 18),
(1601, '2025-02-06', 18),
(1602, '2025-03-18', 18),
(1603, '2025-04-02', 18),
(1604, '2025-02-17', 18),
(1605, '2025-03-24', 18),
(1606, '2025-04-01', 18),
(1607, '2025-04-21', 18),
(1608, '2025-06-02', 18),
(1609, '2025-04-11', 18),
(1610, '2025-05-01', 18),
(1611, '2025-06-04', 18),
(1612, '2025-03-21', 18),
(1613, '2025-02-21', 18),
(1614, '2025-05-21', 18),
(1615, '2025-03-06', 18),
(1616, '2025-02-04', 18),
(1617, '2025-04-01', 19),
(1618, '2025-02-17', 19),
(1619, '2025-03-27', 19),
(1620, '2025-03-18', 19),
(1621, '2025-02-14', 19),
(1622, '2025-04-24', 19),
(1623, '2025-04-10', 19),
(1624, '2025-05-09', 19),
(1625, '2025-06-12', 19),
(1626, '2025-04-04', 19),
(1627, '2025-02-20', 19),
(1628, '2025-03-04', 19),
(1629, '2025-05-12', 19),
(1630, '2025-06-09', 19),
(1631, '2025-02-26', 19),
(1632, '2025-03-12', 19),
(1633, '2025-06-02', 19),
(1634, '2025-03-13', 19),
(1635, '2025-06-19', 19),
(1636, '2025-05-30', 19),
(1637, '2025-05-02', 19),
(1638, '2025-04-07', 19),
(1639, '2025-03-27', 19),
(1640, '2025-04-11', 19),
(1641, '2025-03-21', 19),
(1642, '2025-03-07', 19),
(1643, '2025-02-26', 19),
(1644, '2025-05-27', 19),
(1645, '2025-02-17', 19),
(1646, '2025-04-25', 19),
(1647, '2025-03-06', 19),
(1648, '2025-04-08', 19),
(1649, '2025-04-22', 19),
(1650, '2025-03-28', 19),
(1651, '2025-03-06', 19),
(1652, '2025-02-04', 19),
(1653, '2025-04-07', 19),
(1654, '2025-03-04', 19),
(1655, '2025-02-17', 19),
(1656, '2025-03-19', 19),
(1657, '2025-03-04', 19),
(1658, '2025-02-20', 19),
(1659, '2025-03-10', 19),
(1660, '2025-05-15', 19),
(1661, '2025-04-29', 19),
(1662, '2025-04-16', 19),
(1663, '2025-06-20', 19),
(1664, '2025-02-24', 19),
(1665, '2025-06-30', 19),
(1666, '2025-04-17', 19),
(1667, '2025-04-24', 19),
(1668, '2025-03-06', 19),
(1669, '2025-04-11', 19),
(1670, '2025-05-09', 19),
(1671, '2025-06-10', 19),
(1672, '2025-03-28', 19),
(1673, '2025-03-13', 19),
(1674, '2025-03-26', 19),
(1675, '2025-03-31', 19),
(1676, '2025-05-14', 19),
(1677, '2025-03-06', 19),
(1678, '2025-02-12', 19),
(1679, '2025-05-19', 19),
(1680, '2025-03-24', 19),
(1681, '2025-04-28', 19),
(1682, '2025-04-15', 19),
(1683, '2025-06-20', 19),
(1684, '2025-02-26', 19),
(1685, '2025-05-02', 19),
(1686, '2025-06-26', 19),
(1687, '2025-05-01', 19),
(1688, '2025-02-10', 19),
(1689, '2025-04-21', 19),
(1690, '2025-04-11', 19),
(1691, '2025-02-27', 19),
(1692, '2025-02-12', 19),
(1693, '2025-04-09', 19),
(1694, '2025-02-04', 19),
(1695, '2025-05-14', 19),
(1696, '2025-02-25', 19),
(1697, '2025-04-24', 20),
(1698, '2025-05-05', 20),
(1699, '2025-04-11', 20),
(1700, '2025-04-11', 20),
(1701, '2025-06-16', 20),
(1702, '2025-06-10', 20),
(1703, '2025-04-07', 20),
(1704, '2025-04-25', 20),
(1705, '2025-05-09', 20),
(1706, '2025-04-28', 20),
(1707, '2025-06-23', 20),
(1708, '2025-03-04', 20),
(1709, '2025-04-03', 20),
(1710, '2025-02-05', 20),
(1711, '2025-06-17', 20),
(1712, '2025-05-15', 20),
(1713, '2025-04-28', 20),
(1714, '2025-06-06', 20),
(1715, '2025-04-07', 20),
(1716, '2025-05-13', 20),
(1717, '2025-02-13', 20),
(1718, '2025-05-27', 20),
(1719, '2025-04-02', 20),
(1720, '2025-05-16', 20),
(1721, '2025-03-24', 20),
(1722, '2025-02-28', 20),
(1723, '2025-04-01', 20),
(1724, '2025-06-20', 20),
(1725, '2025-02-19', 20),
(1726, '2025-05-01', 20),
(1727, '2025-06-27', 20),
(1728, '2025-04-22', 20),
(1729, '2025-06-27', 20),
(1730, '2025-04-15', 20),
(1731, '2025-05-01', 20),
(1732, '2025-04-17', 20),
(1733, '2025-05-22', 20),
(1734, '2025-02-26', 20),
(1735, '2025-05-08', 20),
(1736, '2025-06-23', 20),
(1737, '2025-05-02', 20),
(1738, '2025-03-24', 20),
(1739, '2025-06-19', 20),
(1740, '2025-02-14', 20),
(1741, '2025-05-20', 20),
(1742, '2025-03-26', 20),
(1743, '2025-02-03', 20),
(1744, '2025-04-17', 20),
(1745, '2025-04-28', 20),
(1746, '2025-03-25', 20),
(1747, '2025-02-04', 20),
(1748, '2025-02-12', 20),
(1749, '2025-03-19', 20),
(1750, '2025-03-21', 20),
(1751, '2025-05-13', 20),
(1752, '2025-03-07', 20),
(1753, '2025-06-09', 20),
(1754, '2025-03-17', 20),
(1755, '2025-06-16', 20),
(1756, '2025-06-09', 20),
(1757, '2025-05-21', 20),
(1758, '2025-02-11', 20),
(1759, '2025-02-25', 20),
(1760, '2025-05-01', 20),
(1761, '2025-04-16', 20),
(1762, '2025-02-04', 20),
(1763, '2025-06-23', 20),
(1764, '2025-05-21', 20),
(1765, '2025-06-02', 20),
(1766, '2025-04-09', 20),
(1767, '2025-06-10', 20),
(1768, '2025-06-25', 20),
(1769, '2025-03-07', 20),
(1770, '2025-03-11', 20),
(1771, '2025-04-29', 20),
(1772, '2025-02-25', 20),
(1773, '2025-02-10', 20),
(1774, '2025-06-04', 20),
(1775, '2025-03-04', 20),
(1776, '2025-03-10', 20),
(1777, '2025-05-02', 20),
(1778, '2025-03-14', 20),
(1779, '2025-02-06', 20),
(1780, '2025-04-09', 20),
(1781, '2025-02-24', 20),
(1782, '2025-05-07', 20),
(1783, '2025-06-19', 20),
(1784, '2025-05-28', 20),
(1785, '2025-05-26', 20),
(1786, '2025-04-14', 20),
(1787, '2025-02-21', 20),
(1788, '2025-03-04', 20),
(1789, '2025-05-15', 20),
(1790, '2025-04-07', 20),
(1791, '2025-02-19', 20),
(1792, '2025-03-18', 20),
(1793, '2025-05-29', 20),
(1794, '2025-03-27', 20),
(1795, '2025-03-11', 21),
(1796, '2025-06-13', 21),
(1797, '2025-05-08', 21),
(1798, '2025-04-25', 21),
(1799, '2025-06-11', 21),
(1800, '2025-05-12', 21),
(1801, '2025-05-22', 21),
(1802, '2025-05-15', 21),
(1803, '2025-03-07', 21),
(1804, '2025-02-11', 21),
(1805, '2025-05-13', 21),
(1806, '2025-02-24', 21),
(1807, '2025-03-14', 21),
(1808, '2025-02-21', 21),
(1809, '2025-06-10', 21),
(1810, '2025-06-17', 21),
(1811, '2025-06-26', 21),
(1812, '2025-04-30', 21),
(1813, '2025-05-09', 21),
(1814, '2025-05-13', 21),
(1815, '2025-04-07', 21),
(1816, '2025-02-21', 21),
(1817, '2025-04-17', 21),
(1818, '2025-03-26', 21),
(1819, '2025-03-13', 21),
(1820, '2025-05-08', 21),
(1821, '2025-03-24', 21),
(1822, '2025-05-29', 21),
(1823, '2025-06-13', 21),
(1824, '2025-02-11', 21),
(1825, '2025-03-20', 21),
(1826, '2025-04-10', 21),
(1827, '2025-03-25', 21),
(1828, '2025-02-14', 21),
(1829, '2025-06-17', 21),
(1830, '2025-05-12', 21),
(1831, '2025-03-06', 21),
(1832, '2025-06-10', 21),
(1833, '2025-04-07', 21),
(1834, '2025-04-10', 21),
(1835, '2025-06-06', 21),
(1836, '2025-06-04', 21),
(1837, '2025-04-30', 21),
(1838, '2025-05-01', 21),
(1839, '2025-04-28', 21),
(1840, '2025-02-14', 21),
(1841, '2025-03-17', 21),
(1842, '2025-06-02', 21),
(1843, '2025-02-05', 21),
(1844, '2025-05-21', 21),
(1845, '2025-02-12', 21),
(1846, '2025-03-06', 21),
(1847, '2025-02-07', 21),
(1848, '2025-06-06', 21),
(1849, '2025-05-09', 21),
(1850, '2025-05-21', 21),
(1851, '2025-05-16', 21),
(1852, '2025-03-18', 21),
(1853, '2025-04-07', 21),
(1854, '2025-03-11', 21),
(1855, '2025-02-28', 21),
(1856, '2025-06-18', 21),
(1857, '2025-06-27', 21),
(1858, '2025-04-10', 21),
(1859, '2025-03-26', 21),
(1860, '2025-04-03', 21),
(1861, '2025-04-30', 21),
(1862, '2025-06-02', 21),
(1863, '2025-03-14', 21),
(1864, '2025-06-24', 21),
(1865, '2025-06-23', 21),
(1866, '2025-06-12', 21),
(1867, '2025-04-21', 21),
(1868, '2025-02-03', 21),
(1869, '2025-04-17', 21),
(1870, '2025-04-10', 21),
(1871, '2025-05-30', 21),
(1872, '2025-04-28', 21),
(1873, '2025-05-12', 21),
(1874, '2025-06-04', 21),
(1875, '2025-06-23', 21),
(1876, '2025-05-02', 21),
(1877, '2025-02-26', 21),
(1878, '2025-02-04', 21),
(1879, '2025-05-02', 21),
(1880, '2025-06-19', 21),
(1881, '2025-05-30', 21),
(1882, '2025-05-16', 22),
(1883, '2025-04-30', 22),
(1884, '2025-02-21', 22),
(1885, '2025-06-17', 22),
(1886, '2025-02-21', 22),
(1887, '2025-06-26', 22),
(1888, '2025-04-07', 22),
(1889, '2025-03-13', 22),
(1890, '2025-02-07', 22),
(1891, '2025-04-01', 22),
(1892, '2025-06-11', 22),
(1893, '2025-02-19', 22),
(1894, '2025-02-27', 22),
(1895, '2025-04-17', 22),
(1896, '2025-04-18', 22),
(1897, '2025-02-17', 22),
(1898, '2025-06-24', 22),
(1899, '2025-06-24', 22),
(1900, '2025-06-17', 22),
(1901, '2025-04-18', 22),
(1902, '2025-06-06', 22),
(1903, '2025-05-07', 22),
(1904, '2025-05-15', 22),
(1905, '2025-04-23', 22),
(1906, '2025-05-08', 22),
(1907, '2025-04-30', 22),
(1908, '2025-02-03', 22),
(1909, '2025-03-18', 22),
(1910, '2025-04-11', 22),
(1911, '2025-05-19', 22),
(1912, '2025-03-19', 22),
(1913, '2025-04-01', 22),
(1914, '2025-02-14', 22),
(1915, '2025-03-17', 22),
(1916, '2025-03-03', 22),
(1917, '2025-02-21', 22),
(1918, '2025-06-13', 22),
(1919, '2025-06-20', 22),
(1920, '2025-02-12', 22),
(1921, '2025-04-29', 22),
(1922, '2025-05-16', 22),
(1923, '2025-05-21', 22),
(1924, '2025-04-24', 22),
(1925, '2025-04-25', 22),
(1926, '2025-02-11', 22),
(1927, '2025-06-17', 22),
(1928, '2025-03-24', 22),
(1929, '2025-06-26', 22),
(1930, '2025-06-04', 22),
(1931, '2025-03-05', 22),
(1932, '2025-05-01', 22),
(1933, '2025-04-16', 22),
(1934, '2025-03-03', 22),
(1935, '2025-04-18', 22),
(1936, '2025-02-28', 22),
(1937, '2025-02-14', 22),
(1938, '2025-03-06', 22),
(1939, '2025-04-07', 22),
(1940, '2025-06-17', 22),
(1941, '2025-03-11', 22),
(1942, '2025-04-23', 22),
(1943, '2025-02-10', 22),
(1944, '2025-04-17', 22),
(1945, '2025-03-24', 22),
(1946, '2025-02-28', 22),
(1947, '2025-06-16', 22),
(1948, '2025-06-25', 22),
(1949, '2025-05-01', 22),
(1950, '2025-05-14', 22),
(1951, '2025-05-09', 22),
(1952, '2025-02-27', 22),
(1953, '2025-06-23', 22),
(1954, '2025-03-06', 22),
(1955, '2025-03-13', 22),
(1956, '2025-04-30', 22),
(1957, '2025-03-31', 22),
(1958, '2025-05-29', 23),
(1959, '2025-03-24', 23),
(1960, '2025-04-09', 23),
(1961, '2025-02-24', 23),
(1962, '2025-05-12', 23),
(1963, '2025-06-13', 23),
(1964, '2025-04-03', 23),
(1965, '2025-04-03', 23),
(1966, '2025-06-03', 23),
(1967, '2025-06-09', 23),
(1968, '2025-06-04', 23),
(1969, '2025-04-25', 23),
(1970, '2025-03-20', 23),
(1971, '2025-06-17', 23),
(1972, '2025-03-19', 23),
(1973, '2025-05-21', 23),
(1974, '2025-05-20', 23),
(1975, '2025-04-04', 23),
(1976, '2025-06-20', 23),
(1977, '2025-02-20', 23),
(1978, '2025-04-17', 23),
(1979, '2025-02-18', 23),
(1980, '2025-02-13', 23),
(1981, '2025-02-10', 23),
(1982, '2025-02-12', 23),
(1983, '2025-02-28', 23),
(1984, '2025-05-16', 23),
(1985, '2025-06-18', 23),
(1986, '2025-04-15', 23),
(1987, '2025-05-19', 23),
(1988, '2025-03-25', 23),
(1989, '2025-04-08', 23),
(1990, '2025-02-28', 23),
(1991, '2025-04-29', 23),
(1992, '2025-03-26', 23),
(1993, '2025-02-07', 23),
(1994, '2025-04-29', 23),
(1995, '2025-04-15', 23),
(1996, '2025-05-16', 23),
(1997, '2025-02-03', 23),
(1998, '2025-06-30', 23),
(1999, '2025-06-20', 23),
(2000, '2025-05-09', 23),
(2001, '2025-04-10', 23),
(2002, '2025-03-21', 23),
(2003, '2025-02-13', 23),
(2004, '2025-04-29', 23),
(2005, '2025-05-13', 23),
(2006, '2025-05-05', 23),
(2007, '2025-02-14', 23),
(2008, '2025-04-29', 23),
(2009, '2025-05-06', 23),
(2010, '2025-04-03', 23),
(2011, '2025-02-27', 23),
(2012, '2025-05-06', 23),
(2013, '2025-05-05', 23),
(2014, '2025-03-07', 23),
(2015, '2025-03-13', 23),
(2016, '2025-05-12', 23),
(2017, '2025-04-24', 23),
(2018, '2025-05-22', 23),
(2019, '2025-02-03', 23),
(2020, '2025-03-31', 23),
(2021, '2025-03-12', 23),
(2022, '2025-04-22', 23),
(2023, '2025-02-27', 23),
(2024, '2025-04-11', 23),
(2025, '2025-05-28', 23),
(2026, '2025-03-07', 23),
(2027, '2025-04-01', 23),
(2028, '2025-02-20', 23),
(2029, '2025-04-09', 23),
(2030, '2025-06-12', 23),
(2031, '2025-02-05', 23),
(2032, '2025-04-18', 23),
(2033, '2025-04-11', 23),
(2034, '2025-05-29', 23),
(2035, '2025-03-24', 24),
(2036, '2025-06-12', 24),
(2037, '2025-03-05', 24),
(2038, '2025-04-10', 24),
(2039, '2025-05-05', 24),
(2040, '2025-05-22', 24),
(2041, '2025-06-04', 24),
(2042, '2025-06-18', 24),
(2043, '2025-02-17', 24),
(2044, '2025-06-18', 24),
(2045, '2025-05-02', 24),
(2046, '2025-03-13', 24),
(2047, '2025-04-21', 24),
(2048, '2025-06-06', 24),
(2049, '2025-05-27', 24),
(2050, '2025-03-18', 24),
(2051, '2025-02-14', 24),
(2052, '2025-06-27', 24),
(2053, '2025-05-29', 24),
(2054, '2025-05-06', 24),
(2055, '2025-02-19', 24),
(2056, '2025-03-03', 24),
(2057, '2025-05-16', 24),
(2058, '2025-04-15', 24),
(2059, '2025-03-28', 24),
(2060, '2025-05-28', 24),
(2061, '2025-04-07', 24),
(2062, '2025-06-20', 24),
(2063, '2025-06-09', 24),
(2064, '2025-06-10', 24),
(2065, '2025-03-27', 24),
(2066, '2025-04-24', 24),
(2067, '2025-03-21', 24),
(2068, '2025-05-06', 24),
(2069, '2025-02-28', 24),
(2070, '2025-04-29', 24),
(2071, '2025-06-16', 24),
(2072, '2025-04-22', 24),
(2073, '2025-06-24', 24),
(2074, '2025-02-10', 24),
(2075, '2025-05-02', 24),
(2076, '2025-05-21', 24),
(2077, '2025-06-09', 24),
(2078, '2025-06-16', 24),
(2079, '2025-03-07', 24),
(2080, '2025-04-09', 24),
(2081, '2025-04-23', 24),
(2082, '2025-05-30', 24),
(2083, '2025-03-20', 24),
(2084, '2025-02-06', 24),
(2085, '2025-05-02', 24),
(2086, '2025-06-17', 24),
(2087, '2025-05-20', 24),
(2088, '2025-03-14', 24),
(2089, '2025-05-20', 24),
(2090, '2025-05-27', 24),
(2091, '2025-05-16', 24),
(2092, '2025-02-25', 24),
(2093, '2025-05-21', 24),
(2094, '2025-02-24', 24),
(2095, '2025-05-02', 24),
(2096, '2025-04-24', 24),
(2097, '2025-02-10', 24),
(2098, '2025-04-15', 24),
(2099, '2025-03-13', 24),
(2100, '2025-06-10', 24),
(2101, '2025-04-18', 24),
(2102, '2025-06-23', 24),
(2103, '2025-05-14', 24),
(2104, '2025-02-03', 24),
(2105, '2025-03-10', 24),
(2106, '2025-03-07', 24),
(2107, '2025-02-19', 24),
(2108, '2025-06-20', 24),
(2109, '2025-03-13', 24),
(2110, '2025-02-04', 24),
(2111, '2025-04-02', 24),
(2112, '2025-06-24', 24),
(2113, '2025-04-28', 24),
(2114, '2025-06-30', 24),
(2115, '2025-03-12', 24),
(2116, '2025-04-07', 24),
(2117, '2025-04-21', 24),
(2118, '2025-03-20', 24),
(2119, '2025-02-03', 24),
(2120, '2025-02-17', 24),
(2121, '2025-03-13', 24),
(2122, '2025-02-25', 24),
(2123, '2025-04-04', 24),
(2124, '2025-05-23', 25),
(2125, '2025-06-17', 25),
(2126, '2025-03-21', 25),
(2127, '2025-06-12', 25),
(2128, '2025-04-18', 25),
(2129, '2025-03-11', 25),
(2130, '2025-05-26', 25),
(2131, '2025-02-06', 25),
(2132, '2025-03-25', 25),
(2133, '2025-02-10', 25),
(2134, '2025-03-05', 25),
(2135, '2025-02-19', 25),
(2136, '2025-06-13', 25),
(2137, '2025-02-11', 25),
(2138, '2025-03-18', 25),
(2139, '2025-03-31', 25),
(2140, '2025-02-10', 25),
(2141, '2025-02-21', 25),
(2142, '2025-04-14', 25),
(2143, '2025-06-05', 25),
(2144, '2025-04-09', 25),
(2145, '2025-05-26', 25),
(2146, '2025-02-13', 25),
(2147, '2025-03-26', 25),
(2148, '2025-06-19', 25),
(2149, '2025-03-06', 25),
(2150, '2025-03-25', 25),
(2151, '2025-02-12', 25),
(2152, '2025-03-21', 25),
(2153, '2025-06-23', 25),
(2154, '2025-03-06', 25),
(2155, '2025-03-14', 25),
(2156, '2025-04-03', 25),
(2157, '2025-06-18', 25),
(2158, '2025-02-19', 25),
(2159, '2025-04-17', 25);
INSERT INTO `asistencias` (`Id_asistencia`, `Fecha`, `Id_estudiante`) VALUES
(2160, '2025-02-19', 25),
(2161, '2025-02-17', 25),
(2162, '2025-05-09', 25),
(2163, '2025-05-09', 25),
(2164, '2025-03-19', 25),
(2165, '2025-04-29', 25),
(2166, '2025-03-13', 25),
(2167, '2025-03-24', 25),
(2168, '2025-04-10', 25),
(2169, '2025-02-03', 25),
(2170, '2025-04-14', 25),
(2171, '2025-03-17', 25),
(2172, '2025-02-06', 25),
(2173, '2025-06-03', 25),
(2174, '2025-02-12', 25),
(2175, '2025-03-27', 25),
(2176, '2025-06-09', 25),
(2177, '2025-03-18', 25),
(2178, '2025-06-20', 25),
(2179, '2025-06-24', 25),
(2180, '2025-04-24', 25),
(2181, '2025-06-09', 25),
(2182, '2025-05-08', 25),
(2183, '2025-05-07', 25),
(2184, '2025-03-12', 25),
(2185, '2025-04-02', 25),
(2186, '2025-03-07', 25),
(2187, '2025-06-23', 25),
(2188, '2025-02-07', 25),
(2189, '2025-03-28', 25),
(2190, '2025-05-21', 25),
(2191, '2025-04-21', 25),
(2192, '2025-04-11', 25),
(2193, '2025-05-22', 25),
(2194, '2025-03-04', 25),
(2195, '2025-04-16', 25),
(2196, '2025-04-08', 25),
(2197, '2025-06-23', 25),
(2198, '2025-05-28', 25),
(2199, '2025-02-06', 25),
(2200, '2025-05-02', 25),
(2201, '2025-02-10', 25),
(2202, '2025-04-18', 25),
(2203, '2025-03-25', 25),
(2204, '2025-03-07', 25),
(2205, '2025-05-29', 25),
(2206, '2025-05-07', 25),
(2207, '2025-03-19', 25),
(2208, '2025-02-19', 25),
(2209, '2025-04-30', 25),
(2210, '2025-02-14', 25),
(2211, '2025-05-20', 25),
(2212, '2025-03-26', 25),
(2213, '2025-05-02', 25),
(2214, '2025-06-23', 25),
(2215, '2025-06-20', 25),
(2216, '2025-02-24', 26),
(2217, '2025-03-17', 26),
(2218, '2025-03-06', 26),
(2219, '2025-03-07', 26),
(2220, '2025-05-13', 26),
(2221, '2025-06-24', 26),
(2222, '2025-06-19', 26),
(2223, '2025-03-24', 26),
(2224, '2025-06-24', 26),
(2225, '2025-06-16', 26),
(2226, '2025-03-10', 26),
(2227, '2025-04-24', 26),
(2228, '2025-06-30', 26),
(2229, '2025-05-14', 26),
(2230, '2025-04-03', 26),
(2231, '2025-02-03', 26),
(2232, '2025-06-05', 26),
(2233, '2025-02-06', 26),
(2234, '2025-06-09', 26),
(2235, '2025-02-27', 26),
(2236, '2025-03-21', 26),
(2237, '2025-02-14', 26),
(2238, '2025-04-11', 26),
(2239, '2025-02-10', 26),
(2240, '2025-06-17', 26),
(2241, '2025-03-27', 26),
(2242, '2025-02-14', 26),
(2243, '2025-03-26', 26),
(2244, '2025-04-22', 26),
(2245, '2025-02-17', 26),
(2246, '2025-03-31', 26),
(2247, '2025-03-27', 26),
(2248, '2025-04-15', 26),
(2249, '2025-03-27', 26),
(2250, '2025-03-24', 26),
(2251, '2025-05-07', 26),
(2252, '2025-02-25', 26),
(2253, '2025-06-26', 26),
(2254, '2025-02-04', 26),
(2255, '2025-04-25', 26),
(2256, '2025-05-19', 26),
(2257, '2025-06-27', 26),
(2258, '2025-06-13', 26),
(2259, '2025-03-20', 26),
(2260, '2025-03-21', 26),
(2261, '2025-05-12', 26),
(2262, '2025-03-31', 26),
(2263, '2025-06-19', 26),
(2264, '2025-04-25', 26),
(2265, '2025-03-31', 26),
(2266, '2025-03-13', 26),
(2267, '2025-02-28', 26),
(2268, '2025-06-20', 26),
(2269, '2025-03-28', 26),
(2270, '2025-02-07', 26),
(2271, '2025-02-20', 26),
(2272, '2025-04-16', 26),
(2273, '2025-02-05', 26),
(2274, '2025-02-19', 26),
(2275, '2025-02-13', 26),
(2276, '2025-02-07', 26),
(2277, '2025-06-24', 26),
(2278, '2025-04-09', 26),
(2279, '2025-06-13', 26),
(2280, '2025-05-15', 26),
(2281, '2025-02-17', 26),
(2282, '2025-06-19', 26),
(2283, '2025-02-13', 26),
(2284, '2025-05-05', 26),
(2285, '2025-06-11', 26),
(2286, '2025-04-14', 26),
(2287, '2025-04-23', 26),
(2288, '2025-03-21', 26),
(2289, '2025-06-24', 26),
(2290, '2025-06-03', 26),
(2291, '2025-03-07', 26),
(2292, '2025-06-02', 26),
(2293, '2025-06-24', 26),
(2294, '2025-03-24', 26),
(2295, '2025-06-10', 26),
(2296, '2025-03-12', 26),
(2297, '2025-06-23', 26),
(2298, '2025-04-15', 26),
(2299, '2025-04-30', 26),
(2300, '2025-04-17', 26),
(2301, '2025-05-23', 26),
(2302, '2025-03-04', 26),
(2303, '2025-06-04', 26),
(2304, '2025-04-15', 26),
(2305, '2025-06-27', 26),
(2306, '2025-04-01', 26),
(2307, '2025-02-11', 26),
(2308, '2025-04-18', 26),
(2309, '2025-02-18', 26),
(2310, '2025-06-19', 26),
(2311, '2025-04-08', 26),
(2312, '2025-04-11', 26),
(2313, '2025-06-26', 26),
(2314, '2025-04-14', 26),
(2315, '2025-06-25', 26),
(2316, '2025-02-03', 27),
(2317, '2025-06-19', 27),
(2318, '2025-04-28', 27),
(2319, '2025-02-19', 27),
(2320, '2025-02-11', 27),
(2321, '2025-05-12', 27),
(2322, '2025-02-25', 27),
(2323, '2025-05-29', 27),
(2324, '2025-04-07', 27),
(2325, '2025-06-06', 27),
(2326, '2025-06-12', 27),
(2327, '2025-06-11', 27),
(2328, '2025-05-20', 27),
(2329, '2025-06-09', 27),
(2330, '2025-03-14', 27),
(2331, '2025-03-13', 27),
(2332, '2025-05-07', 27),
(2333, '2025-03-27', 27),
(2334, '2025-06-18', 27),
(2335, '2025-04-14', 27),
(2336, '2025-05-14', 27),
(2337, '2025-05-15', 27),
(2338, '2025-05-01', 27),
(2339, '2025-06-19', 27),
(2340, '2025-04-29', 27),
(2341, '2025-04-28', 27),
(2342, '2025-06-11', 27),
(2343, '2025-05-06', 27),
(2344, '2025-04-23', 27),
(2345, '2025-06-05', 27),
(2346, '2025-04-17', 27),
(2347, '2025-02-06', 27),
(2348, '2025-05-12', 27),
(2349, '2025-03-11', 27),
(2350, '2025-03-10', 27),
(2351, '2025-04-17', 27),
(2352, '2025-03-11', 27),
(2353, '2025-02-06', 27),
(2354, '2025-04-01', 27),
(2355, '2025-06-12', 27),
(2356, '2025-03-20', 27),
(2357, '2025-02-06', 27),
(2358, '2025-06-11', 27),
(2359, '2025-02-20', 27),
(2360, '2025-05-05', 27),
(2361, '2025-05-14', 27),
(2362, '2025-03-27', 27),
(2363, '2025-06-26', 27),
(2364, '2025-05-26', 27),
(2365, '2025-06-17', 27),
(2366, '2025-03-13', 27),
(2367, '2025-05-02', 27),
(2368, '2025-03-05', 27),
(2369, '2025-04-07', 27),
(2370, '2025-03-25', 27),
(2371, '2025-04-09', 27),
(2372, '2025-04-11', 27),
(2373, '2025-04-15', 27),
(2374, '2025-02-12', 27),
(2375, '2025-06-16', 27),
(2376, '2025-03-14', 27),
(2377, '2025-05-12', 27),
(2378, '2025-04-21', 27),
(2379, '2025-05-07', 27),
(2380, '2025-05-02', 27),
(2381, '2025-02-17', 27),
(2382, '2025-05-21', 27),
(2383, '2025-03-21', 27),
(2384, '2025-02-21', 27),
(2385, '2025-05-23', 27),
(2386, '2025-04-04', 27),
(2387, '2025-06-26', 27),
(2388, '2025-05-21', 27),
(2389, '2025-05-09', 27),
(2390, '2025-02-11', 27),
(2391, '2025-04-02', 27),
(2392, '2025-05-30', 27),
(2393, '2025-04-25', 27),
(2394, '2025-04-03', 27),
(2395, '2025-03-31', 27),
(2396, '2025-05-20', 27),
(2397, '2025-04-09', 27),
(2398, '2025-02-12', 27),
(2399, '2025-02-04', 27),
(2400, '2025-03-07', 28),
(2401, '2025-06-30', 28),
(2402, '2025-03-18', 28),
(2403, '2025-04-18', 28),
(2404, '2025-05-09', 28),
(2405, '2025-05-20', 28),
(2406, '2025-05-09', 28),
(2407, '2025-02-13', 28),
(2408, '2025-02-21', 28),
(2409, '2025-06-03', 28),
(2410, '2025-03-25', 28),
(2411, '2025-03-18', 28),
(2412, '2025-04-07', 28),
(2413, '2025-05-28', 28),
(2414, '2025-04-14', 28),
(2415, '2025-05-23', 28),
(2416, '2025-03-10', 28),
(2417, '2025-02-05', 28),
(2418, '2025-03-31', 28),
(2419, '2025-06-20', 28),
(2420, '2025-03-27', 28),
(2421, '2025-02-04', 28),
(2422, '2025-02-03', 28),
(2423, '2025-02-04', 28),
(2424, '2025-03-04', 28),
(2425, '2025-06-12', 28),
(2426, '2025-05-26', 28),
(2427, '2025-02-27', 28),
(2428, '2025-04-30', 28),
(2429, '2025-04-04', 28),
(2430, '2025-03-20', 28),
(2431, '2025-05-20', 28),
(2432, '2025-06-12', 28),
(2433, '2025-04-25', 28),
(2434, '2025-02-24', 28),
(2435, '2025-02-19', 28),
(2436, '2025-02-21', 28),
(2437, '2025-03-21', 28),
(2438, '2025-03-04', 28),
(2439, '2025-02-11', 28),
(2440, '2025-05-19', 28),
(2441, '2025-03-31', 28),
(2442, '2025-06-02', 28),
(2443, '2025-05-12', 28),
(2444, '2025-06-16', 28),
(2445, '2025-04-18', 28),
(2446, '2025-06-05', 28),
(2447, '2025-05-08', 28),
(2448, '2025-05-01', 28),
(2449, '2025-06-12', 28),
(2450, '2025-05-01', 28),
(2451, '2025-03-25', 28),
(2452, '2025-06-23', 28),
(2453, '2025-05-13', 28),
(2454, '2025-03-11', 28),
(2455, '2025-03-11', 28),
(2456, '2025-04-17', 28),
(2457, '2025-03-10', 28),
(2458, '2025-03-05', 28),
(2459, '2025-02-17', 28),
(2460, '2025-02-24', 28),
(2461, '2025-02-14', 28),
(2462, '2025-06-27', 28),
(2463, '2025-02-21', 28),
(2464, '2025-06-05', 28),
(2465, '2025-04-28', 28),
(2466, '2025-02-05', 28),
(2467, '2025-04-04', 28),
(2468, '2025-06-30', 28),
(2469, '2025-05-23', 28),
(2470, '2025-05-20', 28),
(2471, '2025-05-23', 28),
(2472, '2025-04-29', 28),
(2473, '2025-03-07', 28),
(2474, '2025-04-04', 28),
(2475, '2025-05-07', 28),
(2476, '2025-04-23', 28),
(2477, '2025-05-16', 28),
(2478, '2025-06-09', 28),
(2479, '2025-03-03', 28),
(2480, '2025-04-08', 28),
(2481, '2025-05-19', 28),
(2482, '2025-05-26', 28),
(2483, '2025-02-06', 28),
(2484, '2025-02-27', 28),
(2485, '2025-05-27', 28),
(2486, '2025-03-21', 28),
(2487, '2025-03-19', 28),
(2488, '2025-06-19', 28),
(2489, '2025-06-19', 28),
(2490, '2025-06-04', 28),
(2491, '2025-03-26', 28),
(2492, '2025-03-18', 28),
(2493, '2025-04-09', 28),
(2494, '2025-03-24', 28),
(2495, '2025-02-13', 28),
(2496, '2025-06-13', 28),
(2497, '2025-02-26', 28),
(2498, '2025-03-05', 28),
(2499, '2025-04-25', 28),
(2500, '2025-02-21', 28),
(2501, '2025-02-03', 28),
(2502, '2025-03-21', 29),
(2503, '2025-05-02', 29),
(2504, '2025-02-05', 29),
(2505, '2025-03-24', 29),
(2506, '2025-05-06', 29),
(2507, '2025-02-17', 29),
(2508, '2025-06-23', 29),
(2509, '2025-05-29', 29),
(2510, '2025-02-12', 29),
(2511, '2025-02-04', 29),
(2512, '2025-04-02', 29),
(2513, '2025-03-28', 29),
(2514, '2025-04-04', 29),
(2515, '2025-06-26', 29),
(2516, '2025-05-02', 29),
(2517, '2025-05-14', 29),
(2518, '2025-02-20', 29),
(2519, '2025-05-09', 29),
(2520, '2025-02-28', 29),
(2521, '2025-05-06', 29),
(2522, '2025-05-01', 29),
(2523, '2025-02-17', 29),
(2524, '2025-04-03', 29),
(2525, '2025-06-03', 29),
(2526, '2025-06-06', 29),
(2527, '2025-05-21', 29),
(2528, '2025-02-21', 29),
(2529, '2025-04-15', 29),
(2530, '2025-02-07', 29),
(2531, '2025-02-03', 29),
(2532, '2025-02-17', 29),
(2533, '2025-04-18', 29),
(2534, '2025-03-03', 29),
(2535, '2025-04-14', 29),
(2536, '2025-06-02', 29),
(2537, '2025-05-06', 29),
(2538, '2025-03-21', 29),
(2539, '2025-05-19', 29),
(2540, '2025-05-06', 29),
(2541, '2025-04-17', 29),
(2542, '2025-02-14', 29),
(2543, '2025-04-07', 29),
(2544, '2025-03-26', 29),
(2545, '2025-03-21', 29),
(2546, '2025-02-25', 29),
(2547, '2025-06-09', 29),
(2548, '2025-05-23', 29),
(2549, '2025-06-12', 29),
(2550, '2025-02-19', 29),
(2551, '2025-06-30', 29),
(2552, '2025-05-01', 29),
(2553, '2025-03-12', 29),
(2554, '2025-05-07', 29),
(2555, '2025-05-22', 29),
(2556, '2025-03-25', 29),
(2557, '2025-06-11', 29),
(2558, '2025-03-17', 29),
(2559, '2025-06-13', 29),
(2560, '2025-02-19', 29),
(2561, '2025-05-12', 29),
(2562, '2025-06-19', 29),
(2563, '2025-03-14', 29),
(2564, '2025-04-25', 29),
(2565, '2025-06-25', 29),
(2566, '2025-02-20', 29),
(2567, '2025-05-28', 29),
(2568, '2025-04-15', 29),
(2569, '2025-02-17', 29),
(2570, '2025-02-12', 29),
(2571, '2025-02-18', 29),
(2572, '2025-04-16', 29),
(2573, '2025-03-04', 29),
(2574, '2025-04-29', 29),
(2575, '2025-04-11', 29),
(2576, '2025-04-03', 29),
(2577, '2025-03-04', 29),
(2578, '2025-06-02', 29),
(2579, '2025-05-13', 29),
(2580, '2025-02-18', 29),
(2581, '2025-04-23', 29),
(2582, '2025-03-14', 29),
(2583, '2025-03-07', 29),
(2584, '2025-03-21', 29),
(2585, '2025-06-18', 29),
(2586, '2025-05-06', 29),
(2587, '2025-02-06', 29),
(2588, '2025-02-04', 29),
(2589, '2025-05-19', 29),
(2590, '2025-05-26', 29),
(2591, '2025-06-30', 29),
(2592, '2025-02-05', 29),
(2593, '2025-02-21', 29),
(2594, '2025-05-02', 29),
(2595, '2025-05-02', 29),
(2596, '2025-03-03', 29),
(2597, '2025-04-07', 30),
(2598, '2025-04-23', 30),
(2599, '2025-04-14', 30),
(2600, '2025-03-18', 30),
(2601, '2025-02-11', 30),
(2602, '2025-04-07', 30),
(2603, '2025-06-27', 30),
(2604, '2025-06-23', 30),
(2605, '2025-06-11', 30),
(2606, '2025-02-03', 30),
(2607, '2025-04-18', 30),
(2608, '2025-04-18', 30),
(2609, '2025-04-01', 30),
(2610, '2025-04-23', 30),
(2611, '2025-06-26', 30),
(2612, '2025-03-18', 30),
(2613, '2025-02-19', 30),
(2614, '2025-05-29', 30),
(2615, '2025-04-25', 30),
(2616, '2025-04-09', 30),
(2617, '2025-05-26', 30),
(2618, '2025-02-20', 30),
(2619, '2025-03-27', 30),
(2620, '2025-04-04', 30),
(2621, '2025-06-23', 30),
(2622, '2025-02-03', 30),
(2623, '2025-05-14', 30),
(2624, '2025-04-30', 30),
(2625, '2025-05-12', 30),
(2626, '2025-05-16', 30),
(2627, '2025-04-10', 30),
(2628, '2025-04-30', 30),
(2629, '2025-03-31', 30),
(2630, '2025-02-27', 30),
(2631, '2025-05-19', 30),
(2632, '2025-03-27', 30),
(2633, '2025-04-18', 30),
(2634, '2025-04-09', 30),
(2635, '2025-05-19', 30),
(2636, '2025-03-07', 30),
(2637, '2025-03-25', 30),
(2638, '2025-05-22', 30),
(2639, '2025-05-05', 30),
(2640, '2025-06-17', 30),
(2641, '2025-05-14', 30),
(2642, '2025-05-16', 30),
(2643, '2025-04-04', 30),
(2644, '2025-05-19', 30),
(2645, '2025-05-06', 30),
(2646, '2025-04-15', 30),
(2647, '2025-04-22', 30),
(2648, '2025-04-25', 30),
(2649, '2025-02-10', 30),
(2650, '2025-05-12', 30),
(2651, '2025-02-19', 30),
(2652, '2025-02-04', 30),
(2653, '2025-05-15', 30),
(2654, '2025-03-28', 30),
(2655, '2025-05-28', 30),
(2656, '2025-05-27', 30),
(2657, '2025-03-21', 30),
(2658, '2025-02-04', 30),
(2659, '2025-02-25', 30),
(2660, '2025-05-22', 30),
(2661, '2025-03-03', 30),
(2662, '2025-04-02', 30),
(2663, '2025-06-06', 30),
(2664, '2025-03-28', 30),
(2665, '2025-03-21', 30),
(2666, '2025-05-05', 30),
(2667, '2025-04-23', 30),
(2668, '2025-06-09', 30),
(2669, '2025-05-09', 30),
(2670, '2025-05-13', 30),
(2671, '2025-04-07', 30),
(2672, '2025-02-24', 30),
(2673, '2025-04-14', 30),
(2674, '2025-03-13', 31),
(2675, '2025-05-30', 31),
(2676, '2025-04-01', 31),
(2677, '2025-05-02', 31),
(2678, '2025-06-03', 31),
(2679, '2025-03-17', 31),
(2680, '2025-02-25', 31),
(2681, '2025-04-17', 31),
(2682, '2025-02-20', 31),
(2683, '2025-02-18', 31),
(2684, '2025-03-05', 31),
(2685, '2025-05-21', 31),
(2686, '2025-05-22', 31),
(2687, '2025-05-22', 31),
(2688, '2025-02-27', 31),
(2689, '2025-04-10', 31),
(2690, '2025-05-26', 31),
(2691, '2025-06-06', 31),
(2692, '2025-06-17', 31),
(2693, '2025-02-05', 31),
(2694, '2025-04-07', 31),
(2695, '2025-02-12', 31),
(2696, '2025-02-12', 31),
(2697, '2025-02-25', 31),
(2698, '2025-04-30', 31),
(2699, '2025-04-10', 31),
(2700, '2025-04-18', 31),
(2701, '2025-02-28', 31),
(2702, '2025-03-28', 31),
(2703, '2025-04-03', 31),
(2704, '2025-06-19', 31),
(2705, '2025-03-31', 31),
(2706, '2025-02-28', 31),
(2707, '2025-03-07', 31),
(2708, '2025-03-11', 31),
(2709, '2025-06-27', 31),
(2710, '2025-02-17', 31),
(2711, '2025-05-05', 31),
(2712, '2025-05-27', 31),
(2713, '2025-05-06', 31),
(2714, '2025-02-28', 31),
(2715, '2025-02-07', 31),
(2716, '2025-03-25', 31),
(2717, '2025-03-18', 31),
(2718, '2025-02-17', 31),
(2719, '2025-05-06', 31),
(2720, '2025-06-05', 31),
(2721, '2025-03-11', 31),
(2722, '2025-05-29', 31),
(2723, '2025-02-24', 31),
(2724, '2025-05-15', 31),
(2725, '2025-02-26', 31),
(2726, '2025-03-14', 31),
(2727, '2025-02-17', 31),
(2728, '2025-05-21', 31),
(2729, '2025-03-21', 31),
(2730, '2025-04-04', 31),
(2731, '2025-02-19', 31),
(2732, '2025-03-28', 31),
(2733, '2025-06-02', 31),
(2734, '2025-03-04', 31),
(2735, '2025-02-24', 31),
(2736, '2025-05-28', 31),
(2737, '2025-04-04', 31),
(2738, '2025-05-26', 31),
(2739, '2025-04-28', 31),
(2740, '2025-02-19', 31),
(2741, '2025-06-18', 31),
(2742, '2025-05-02', 31),
(2743, '2025-03-20', 31),
(2744, '2025-05-26', 31),
(2745, '2025-03-26', 31),
(2746, '2025-03-06', 31),
(2747, '2025-05-07', 31),
(2748, '2025-03-03', 31),
(2749, '2025-02-18', 31),
(2750, '2025-06-25', 31),
(2751, '2025-04-11', 31),
(2752, '2025-05-20', 31),
(2753, '2025-03-27', 31),
(2754, '2025-05-06', 31),
(2755, '2025-02-10', 31),
(2756, '2025-06-23', 31),
(2757, '2025-04-15', 31),
(2758, '2025-02-07', 31),
(2759, '2025-05-22', 31),
(2760, '2025-04-28', 31),
(2761, '2025-05-09', 31),
(2762, '2025-04-23', 31),
(2763, '2025-02-18', 31),
(2764, '2025-03-24', 31),
(2765, '2025-03-26', 31),
(2766, '2025-05-27', 31),
(2767, '2025-05-26', 31),
(2768, '2025-03-20', 31),
(2769, '2025-02-18', 31),
(2770, '2025-04-21', 31),
(2771, '2025-03-19', 31),
(2772, '2025-06-25', 31),
(2773, '2025-06-13', 31),
(2774, '2025-04-22', 31),
(2775, '2025-02-04', 31),
(2776, '2025-04-16', 31),
(2777, '2025-02-03', 31),
(2778, '2025-02-05', 32),
(2779, '2025-05-23', 32),
(2780, '2025-05-07', 32),
(2781, '2025-06-24', 32),
(2782, '2025-06-11', 32),
(2783, '2025-04-15', 32),
(2784, '2025-06-04', 32),
(2785, '2025-05-09', 32),
(2786, '2025-05-29', 32),
(2787, '2025-06-24', 32),
(2788, '2025-04-07', 32),
(2789, '2025-03-18', 32),
(2790, '2025-03-06', 32),
(2791, '2025-03-17', 32),
(2792, '2025-06-17', 32),
(2793, '2025-04-30', 32),
(2794, '2025-06-23', 32),
(2795, '2025-06-26', 32),
(2796, '2025-02-19', 32),
(2797, '2025-05-13', 32),
(2798, '2025-04-23', 32),
(2799, '2025-05-16', 32),
(2800, '2025-06-06', 32),
(2801, '2025-06-27', 32),
(2802, '2025-05-12', 32),
(2803, '2025-02-11', 32),
(2804, '2025-03-20', 32),
(2805, '2025-06-26', 32),
(2806, '2025-05-02', 32),
(2807, '2025-05-08', 32),
(2808, '2025-03-05', 32),
(2809, '2025-02-25', 32),
(2810, '2025-02-25', 32),
(2811, '2025-03-21', 32),
(2812, '2025-02-20', 32),
(2813, '2025-05-15', 32),
(2814, '2025-02-10', 32),
(2815, '2025-03-17', 32),
(2816, '2025-06-26', 32),
(2817, '2025-04-04', 32),
(2818, '2025-02-28', 32),
(2819, '2025-05-12', 32),
(2820, '2025-06-25', 32),
(2821, '2025-04-04', 32),
(2822, '2025-03-04', 32),
(2823, '2025-03-26', 32),
(2824, '2025-03-31', 32),
(2825, '2025-06-12', 32),
(2826, '2025-03-06', 32),
(2827, '2025-05-21', 32),
(2828, '2025-06-03', 32),
(2829, '2025-04-14', 32),
(2830, '2025-06-25', 32),
(2831, '2025-05-07', 32),
(2832, '2025-02-10', 32),
(2833, '2025-04-15', 32),
(2834, '2025-05-06', 32),
(2835, '2025-05-13', 32),
(2836, '2025-04-17', 32),
(2837, '2025-03-25', 32),
(2838, '2025-05-16', 32),
(2839, '2025-03-06', 32),
(2840, '2025-02-06', 32),
(2841, '2025-04-17', 32),
(2842, '2025-04-03', 32),
(2843, '2025-04-23', 32),
(2844, '2025-05-22', 32),
(2845, '2025-03-14', 32),
(2846, '2025-02-25', 32),
(2847, '2025-06-30', 32),
(2848, '2025-04-17', 32),
(2849, '2025-02-10', 32),
(2850, '2025-06-03', 32),
(2851, '2025-05-06', 33),
(2852, '2025-04-15', 33),
(2853, '2025-04-29', 33),
(2854, '2025-04-07', 33),
(2855, '2025-06-06', 33),
(2856, '2025-06-23', 33),
(2857, '2025-02-14', 33),
(2858, '2025-04-30', 33),
(2859, '2025-05-12', 33),
(2860, '2025-04-28', 33),
(2861, '2025-06-12', 33),
(2862, '2025-05-14', 33),
(2863, '2025-04-07', 33),
(2864, '2025-02-18', 33),
(2865, '2025-05-28', 33),
(2866, '2025-06-17', 33),
(2867, '2025-04-04', 33),
(2868, '2025-03-24', 33),
(2869, '2025-03-20', 33),
(2870, '2025-02-26', 33),
(2871, '2025-06-16', 33),
(2872, '2025-02-03', 33),
(2873, '2025-06-03', 33),
(2874, '2025-03-05', 33),
(2875, '2025-03-07', 33),
(2876, '2025-04-18', 33),
(2877, '2025-06-09', 33),
(2878, '2025-05-23', 33),
(2879, '2025-04-17', 33),
(2880, '2025-02-11', 33),
(2881, '2025-02-06', 33),
(2882, '2025-05-05', 33),
(2883, '2025-02-03', 33),
(2884, '2025-06-24', 33),
(2885, '2025-02-28', 33),
(2886, '2025-03-26', 33),
(2887, '2025-05-14', 33),
(2888, '2025-03-24', 33),
(2889, '2025-03-10', 33),
(2890, '2025-05-16', 33),
(2891, '2025-05-05', 33),
(2892, '2025-02-04', 33),
(2893, '2025-03-11', 33),
(2894, '2025-03-03', 33),
(2895, '2025-04-28', 33),
(2896, '2025-03-04', 33),
(2897, '2025-04-15', 33),
(2898, '2025-06-04', 33),
(2899, '2025-05-07', 33),
(2900, '2025-05-20', 33),
(2901, '2025-05-15', 33),
(2902, '2025-03-17', 33),
(2903, '2025-04-03', 33),
(2904, '2025-02-24', 33),
(2905, '2025-04-24', 33),
(2906, '2025-05-27', 33),
(2907, '2025-05-16', 33),
(2908, '2025-03-11', 33),
(2909, '2025-06-12', 33),
(2910, '2025-04-07', 33),
(2911, '2025-03-25', 33),
(2912, '2025-04-07', 33),
(2913, '2025-02-21', 33),
(2914, '2025-04-17', 33),
(2915, '2025-03-26', 33),
(2916, '2025-03-14', 33),
(2917, '2025-03-19', 33),
(2918, '2025-05-20', 33),
(2919, '2025-05-15', 33),
(2920, '2025-03-25', 33),
(2921, '2025-06-16', 33),
(2922, '2025-05-09', 33),
(2923, '2025-06-04', 33),
(2924, '2025-02-25', 33),
(2925, '2025-03-26', 33),
(2926, '2025-03-24', 33),
(2927, '2025-06-13', 33),
(2928, '2025-03-04', 34),
(2929, '2025-06-20', 34),
(2930, '2025-02-03', 34),
(2931, '2025-03-18', 34),
(2932, '2025-04-11', 34),
(2933, '2025-04-01', 34),
(2934, '2025-05-02', 34),
(2935, '2025-06-04', 34),
(2936, '2025-03-21', 34),
(2937, '2025-02-20', 34),
(2938, '2025-05-13', 34),
(2939, '2025-06-30', 34),
(2940, '2025-05-21', 34),
(2941, '2025-06-02', 34),
(2942, '2025-06-12', 34),
(2943, '2025-04-15', 34),
(2944, '2025-03-13', 34),
(2945, '2025-06-12', 34),
(2946, '2025-04-28', 34),
(2947, '2025-03-11', 34),
(2948, '2025-04-23', 34),
(2949, '2025-02-12', 34),
(2950, '2025-04-28', 34),
(2951, '2025-05-07', 34),
(2952, '2025-04-11', 34),
(2953, '2025-04-02', 34),
(2954, '2025-05-06', 34),
(2955, '2025-06-20', 34),
(2956, '2025-05-26', 34),
(2957, '2025-02-07', 34),
(2958, '2025-06-17', 34),
(2959, '2025-04-03', 34),
(2960, '2025-04-10', 34),
(2961, '2025-03-14', 34),
(2962, '2025-06-30', 34),
(2963, '2025-05-28', 34),
(2964, '2025-04-07', 34),
(2965, '2025-06-09', 34),
(2966, '2025-06-25', 34),
(2967, '2025-03-17', 34),
(2968, '2025-05-28', 34),
(2969, '2025-05-06', 34),
(2970, '2025-02-25', 34),
(2971, '2025-06-19', 34),
(2972, '2025-06-23', 34),
(2973, '2025-03-20', 34),
(2974, '2025-05-20', 34),
(2975, '2025-05-21', 34),
(2976, '2025-03-07', 34),
(2977, '2025-06-25', 34),
(2978, '2025-02-18', 34),
(2979, '2025-05-15', 34),
(2980, '2025-02-18', 34),
(2981, '2025-04-17', 34),
(2982, '2025-02-26', 34),
(2983, '2025-02-24', 34),
(2984, '2025-05-29', 34),
(2985, '2025-04-08', 34),
(2986, '2025-06-10', 34),
(2987, '2025-06-30', 34),
(2988, '2025-04-02', 34),
(2989, '2025-02-03', 34),
(2990, '2025-06-10', 34),
(2991, '2025-03-14', 34),
(2992, '2025-02-27', 34),
(2993, '2025-06-02', 34),
(2994, '2025-06-12', 34),
(2995, '2025-03-31', 34),
(2996, '2025-03-20', 34),
(2997, '2025-05-08', 34),
(2998, '2025-05-12', 34),
(2999, '2025-03-04', 34),
(3000, '2025-05-26', 34),
(3001, '2025-05-08', 34),
(3002, '2025-03-28', 34),
(3003, '2025-06-12', 34),
(3004, '2025-03-12', 34),
(3005, '2025-05-14', 34),
(3006, '2025-05-08', 34),
(3007, '2025-06-05', 34),
(3008, '2025-05-15', 34),
(3009, '2025-06-24', 34),
(3010, '2025-05-21', 34),
(3011, '2025-05-14', 35),
(3012, '2025-06-06', 35),
(3013, '2025-06-30', 35),
(3014, '2025-03-14', 35),
(3015, '2025-03-31', 35),
(3016, '2025-02-18', 35),
(3017, '2025-05-13', 35),
(3018, '2025-05-20', 35),
(3019, '2025-04-15', 35),
(3020, '2025-03-17', 35),
(3021, '2025-06-30', 35),
(3022, '2025-04-18', 35),
(3023, '2025-03-10', 35),
(3024, '2025-06-12', 35),
(3025, '2025-06-26', 35),
(3026, '2025-03-06', 35),
(3027, '2025-03-05', 35),
(3028, '2025-04-03', 35),
(3029, '2025-04-01', 35),
(3030, '2025-05-02', 35),
(3031, '2025-05-22', 35),
(3032, '2025-06-12', 35),
(3033, '2025-02-24', 35),
(3034, '2025-02-27', 35),
(3035, '2025-04-02', 35),
(3036, '2025-04-15', 35),
(3037, '2025-03-10', 35),
(3038, '2025-05-29', 35),
(3039, '2025-02-24', 35),
(3040, '2025-05-16', 35),
(3041, '2025-02-28', 35),
(3042, '2025-06-04', 35),
(3043, '2025-04-28', 35),
(3044, '2025-04-04', 35),
(3045, '2025-03-26', 35),
(3046, '2025-02-07', 35),
(3047, '2025-06-26', 35),
(3048, '2025-03-14', 35),
(3049, '2025-04-10', 35),
(3050, '2025-04-16', 35),
(3051, '2025-04-22', 35),
(3052, '2025-03-27', 35),
(3053, '2025-02-18', 35),
(3054, '2025-06-12', 35),
(3055, '2025-06-06', 35),
(3056, '2025-04-28', 35),
(3057, '2025-03-26', 35),
(3058, '2025-02-10', 35),
(3059, '2025-03-10', 35),
(3060, '2025-02-07', 35),
(3061, '2025-03-05', 35),
(3062, '2025-05-12', 35),
(3063, '2025-04-23', 35),
(3064, '2025-04-29', 35),
(3065, '2025-03-28', 35),
(3066, '2025-02-03', 35),
(3067, '2025-06-04', 35),
(3068, '2025-02-10', 35),
(3069, '2025-02-05', 35),
(3070, '2025-05-05', 35),
(3071, '2025-06-23', 35),
(3072, '2025-02-25', 35),
(3073, '2025-06-25', 35),
(3074, '2025-05-30', 35),
(3075, '2025-06-23', 35),
(3076, '2025-02-04', 35),
(3077, '2025-06-09', 35),
(3078, '2025-03-24', 35),
(3079, '2025-02-19', 35),
(3080, '2025-05-02', 35),
(3081, '2025-05-06', 35),
(3082, '2025-03-24', 35),
(3083, '2025-02-25', 35),
(3084, '2025-03-17', 35),
(3085, '2025-06-30', 35),
(3086, '2025-02-14', 35),
(3087, '2025-04-09', 35),
(3088, '2025-05-26', 35),
(3089, '2025-02-20', 35),
(3090, '2025-03-28', 35),
(3091, '2025-04-09', 35),
(3092, '2025-02-24', 35),
(3093, '2025-04-04', 35),
(3094, '2025-06-03', 35),
(3095, '2025-05-21', 35),
(3096, '2025-05-26', 35),
(3097, '2025-03-11', 35),
(3098, '2025-05-19', 35),
(3099, '2025-03-26', 35),
(3100, '2025-06-30', 35),
(3101, '2025-05-20', 35),
(3102, '2025-06-03', 35),
(3103, '2025-04-14', 35),
(3104, '2025-04-08', 35),
(3105, '2025-02-17', 35),
(3106, '2025-05-15', 35),
(3107, '2025-04-11', 35),
(3108, '2025-06-06', 35),
(3109, '2025-04-10', 36),
(3110, '2025-03-17', 36),
(3111, '2025-02-19', 36),
(3112, '2025-05-21', 36),
(3113, '2025-03-05', 36),
(3114, '2025-04-28', 36),
(3115, '2025-02-21', 36),
(3116, '2025-06-25', 36),
(3117, '2025-04-04', 36),
(3118, '2025-02-28', 36),
(3119, '2025-05-26', 36),
(3120, '2025-06-05', 36),
(3121, '2025-05-27', 36),
(3122, '2025-02-21', 36),
(3123, '2025-06-02', 36),
(3124, '2025-05-09', 36),
(3125, '2025-06-03', 36),
(3126, '2025-03-13', 36),
(3127, '2025-06-19', 36),
(3128, '2025-05-29', 36),
(3129, '2025-03-04', 36),
(3130, '2025-05-15', 36),
(3131, '2025-06-06', 36),
(3132, '2025-05-07', 36),
(3133, '2025-03-07', 36),
(3134, '2025-04-17', 36),
(3135, '2025-06-02', 36),
(3136, '2025-03-03', 36),
(3137, '2025-04-08', 36),
(3138, '2025-03-31', 36),
(3139, '2025-06-10', 36),
(3140, '2025-02-20', 36),
(3141, '2025-02-10', 36),
(3142, '2025-06-20', 36),
(3143, '2025-04-09', 36),
(3144, '2025-04-11', 36),
(3145, '2025-06-24', 36),
(3146, '2025-04-01', 36),
(3147, '2025-02-17', 36),
(3148, '2025-03-25', 36),
(3149, '2025-04-07', 36),
(3150, '2025-03-31', 36),
(3151, '2025-04-22', 36),
(3152, '2025-04-18', 36),
(3153, '2025-06-20', 36),
(3154, '2025-02-18', 36),
(3155, '2025-06-02', 36),
(3156, '2025-05-14', 36),
(3157, '2025-06-17', 36),
(3158, '2025-05-15', 36),
(3159, '2025-03-04', 36),
(3160, '2025-03-25', 36),
(3161, '2025-03-26', 36),
(3162, '2025-04-16', 36),
(3163, '2025-03-25', 36),
(3164, '2025-03-10', 36),
(3165, '2025-03-05', 36),
(3166, '2025-02-06', 36),
(3167, '2025-02-26', 36),
(3168, '2025-05-23', 36),
(3169, '2025-05-20', 36),
(3170, '2025-02-18', 36),
(3171, '2025-04-02', 36),
(3172, '2025-05-12', 36),
(3173, '2025-02-20', 36),
(3174, '2025-04-11', 36),
(3175, '2025-05-13', 36),
(3176, '2025-04-28', 36),
(3177, '2025-04-18', 36),
(3178, '2025-04-16', 36),
(3179, '2025-06-12', 36),
(3180, '2025-06-24', 36),
(3181, '2025-02-24', 36),
(3182, '2025-06-17', 36),
(3183, '2025-02-12', 36),
(3184, '2025-02-14', 36),
(3185, '2025-04-11', 36),
(3186, '2025-02-11', 36),
(3187, '2025-06-03', 36),
(3188, '2025-06-11', 36),
(3189, '2025-06-18', 36),
(3190, '2025-06-27', 36),
(3191, '2025-02-20', 36),
(3192, '2025-02-25', 36),
(3193, '2025-06-17', 36),
(3194, '2025-04-24', 36),
(3195, '2025-06-10', 36),
(3196, '2025-02-28', 36),
(3197, '2025-02-19', 37),
(3198, '2025-05-12', 37),
(3199, '2025-04-22', 37),
(3200, '2025-05-15', 37),
(3201, '2025-03-03', 37),
(3202, '2025-06-27', 37),
(3203, '2025-03-12', 37),
(3204, '2025-04-01', 37),
(3205, '2025-03-03', 37),
(3206, '2025-06-04', 37),
(3207, '2025-02-17', 37),
(3208, '2025-06-30', 37),
(3209, '2025-04-08', 37),
(3210, '2025-03-28', 37),
(3211, '2025-04-21', 37),
(3212, '2025-04-21', 37),
(3213, '2025-02-11', 37),
(3214, '2025-05-26', 37),
(3215, '2025-05-02', 37),
(3216, '2025-05-22', 37),
(3217, '2025-06-10', 37),
(3218, '2025-02-17', 37),
(3219, '2025-06-23', 37),
(3220, '2025-03-13', 37),
(3221, '2025-02-11', 37),
(3222, '2025-04-24', 37),
(3223, '2025-04-21', 37),
(3224, '2025-02-17', 37),
(3225, '2025-03-13', 37),
(3226, '2025-02-07', 37),
(3227, '2025-06-24', 37),
(3228, '2025-05-14', 37),
(3229, '2025-04-25', 37),
(3230, '2025-05-19', 37),
(3231, '2025-06-19', 37),
(3232, '2025-04-11', 37),
(3233, '2025-04-25', 37),
(3234, '2025-02-12', 37),
(3235, '2025-05-08', 37),
(3236, '2025-02-04', 37),
(3237, '2025-02-20', 37),
(3238, '2025-05-02', 37),
(3239, '2025-03-12', 37),
(3240, '2025-04-29', 37),
(3241, '2025-04-16', 37),
(3242, '2025-05-20', 37),
(3243, '2025-04-21', 37),
(3244, '2025-05-01', 37),
(3245, '2025-03-13', 37),
(3246, '2025-04-24', 37),
(3247, '2025-02-05', 37),
(3248, '2025-04-29', 37),
(3249, '2025-06-20', 37),
(3250, '2025-06-13', 37),
(3251, '2025-05-07', 37),
(3252, '2025-04-23', 37),
(3253, '2025-05-30', 37),
(3254, '2025-03-21', 37),
(3255, '2025-03-12', 37),
(3256, '2025-03-14', 37),
(3257, '2025-06-04', 37),
(3258, '2025-03-18', 37),
(3259, '2025-02-05', 37),
(3260, '2025-03-11', 37),
(3261, '2025-02-28', 37),
(3262, '2025-02-24', 37),
(3263, '2025-03-07', 37),
(3264, '2025-05-13', 37),
(3265, '2025-05-14', 37),
(3266, '2025-04-02', 37),
(3267, '2025-06-26', 37),
(3268, '2025-05-06', 37),
(3269, '2025-06-16', 37),
(3270, '2025-04-22', 37),
(3271, '2025-06-27', 37),
(3272, '2025-03-13', 37),
(3273, '2025-03-17', 37),
(3274, '2025-03-06', 37),
(3275, '2025-03-05', 37),
(3276, '2025-04-04', 37),
(3277, '2025-04-09', 37),
(3278, '2025-06-27', 37),
(3279, '2025-03-17', 38),
(3280, '2025-04-09', 38),
(3281, '2025-06-16', 38),
(3282, '2025-06-26', 38),
(3283, '2025-02-20', 38),
(3284, '2025-05-22', 38),
(3285, '2025-03-17', 38),
(3286, '2025-03-14', 38),
(3287, '2025-04-14', 38),
(3288, '2025-04-30', 38),
(3289, '2025-04-17', 38),
(3290, '2025-06-20', 38),
(3291, '2025-06-20', 38),
(3292, '2025-06-02', 38),
(3293, '2025-03-20', 38),
(3294, '2025-04-21', 38),
(3295, '2025-03-14', 38),
(3296, '2025-05-29', 38),
(3297, '2025-04-02', 38),
(3298, '2025-06-03', 38),
(3299, '2025-03-11', 38),
(3300, '2025-05-30', 38),
(3301, '2025-04-22', 38),
(3302, '2025-03-19', 38),
(3303, '2025-06-24', 38),
(3304, '2025-04-23', 38),
(3305, '2025-06-04', 38),
(3306, '2025-04-18', 38),
(3307, '2025-05-26', 38),
(3308, '2025-05-06', 38),
(3309, '2025-06-13', 38),
(3310, '2025-04-17', 38),
(3311, '2025-06-13', 38),
(3312, '2025-06-05', 38),
(3313, '2025-06-12', 38),
(3314, '2025-02-21', 38),
(3315, '2025-06-26', 38),
(3316, '2025-04-09', 38),
(3317, '2025-03-24', 38),
(3318, '2025-03-27', 38),
(3319, '2025-05-27', 38),
(3320, '2025-05-27', 38),
(3321, '2025-04-24', 38),
(3322, '2025-04-07', 38),
(3323, '2025-03-21', 38),
(3324, '2025-03-12', 38),
(3325, '2025-02-26', 38),
(3326, '2025-02-11', 38),
(3327, '2025-06-05', 38),
(3328, '2025-06-23', 38),
(3329, '2025-03-10', 38),
(3330, '2025-04-02', 38),
(3331, '2025-02-28', 38),
(3332, '2025-02-13', 38),
(3333, '2025-06-11', 38),
(3334, '2025-02-26', 38),
(3335, '2025-02-25', 38),
(3336, '2025-03-19', 38),
(3337, '2025-04-18', 38),
(3338, '2025-04-23', 38),
(3339, '2025-02-28', 38),
(3340, '2025-06-18', 38),
(3341, '2025-05-16', 38),
(3342, '2025-05-09', 38),
(3343, '2025-06-30', 38),
(3344, '2025-02-05', 38),
(3345, '2025-02-24', 38),
(3346, '2025-02-06', 38),
(3347, '2025-02-11', 38),
(3348, '2025-06-27', 38),
(3349, '2025-02-25', 38),
(3350, '2025-06-13', 38),
(3351, '2025-04-08', 38),
(3352, '2025-02-11', 38),
(3353, '2025-06-30', 38),
(3354, '2025-05-28', 38),
(3355, '2025-06-16', 38),
(3356, '2025-02-26', 38),
(3357, '2025-02-24', 38),
(3358, '2025-03-14', 38),
(3359, '2025-06-16', 38),
(3360, '2025-05-14', 38),
(3361, '2025-05-20', 38),
(3362, '2025-04-23', 38),
(3363, '2025-04-25', 38),
(3364, '2025-02-25', 38),
(3365, '2025-03-12', 38),
(3366, '2025-06-11', 38),
(3367, '2025-03-11', 38),
(3368, '2025-05-29', 38),
(3369, '2025-05-05', 39),
(3370, '2025-05-20', 39),
(3371, '2025-04-28', 39),
(3372, '2025-05-09', 39),
(3373, '2025-04-18', 39),
(3374, '2025-05-01', 39),
(3375, '2025-04-09', 39),
(3376, '2025-04-09', 39),
(3377, '2025-02-11', 39),
(3378, '2025-06-30', 39),
(3379, '2025-05-29', 39),
(3380, '2025-06-18', 39),
(3381, '2025-03-10', 39),
(3382, '2025-04-16', 39),
(3383, '2025-05-21', 39),
(3384, '2025-04-24', 39),
(3385, '2025-03-21', 39),
(3386, '2025-06-26', 39),
(3387, '2025-06-10', 39),
(3388, '2025-04-02', 39),
(3389, '2025-06-20', 39),
(3390, '2025-03-26', 39),
(3391, '2025-06-12', 39),
(3392, '2025-04-07', 39),
(3393, '2025-04-25', 39),
(3394, '2025-04-11', 39),
(3395, '2025-06-19', 39),
(3396, '2025-05-07', 39),
(3397, '2025-04-02', 39),
(3398, '2025-03-17', 39),
(3399, '2025-02-27', 39),
(3400, '2025-06-30', 39),
(3401, '2025-04-08', 39),
(3402, '2025-03-07', 39),
(3403, '2025-06-06', 39),
(3404, '2025-04-14', 39),
(3405, '2025-06-16', 39),
(3406, '2025-02-11', 39),
(3407, '2025-05-09', 39),
(3408, '2025-02-05', 39),
(3409, '2025-03-04', 39),
(3410, '2025-06-23', 39),
(3411, '2025-02-20', 39),
(3412, '2025-05-29', 39),
(3413, '2025-04-24', 39),
(3414, '2025-03-14', 39),
(3415, '2025-03-28', 39),
(3416, '2025-02-18', 39),
(3417, '2025-04-11', 39),
(3418, '2025-04-22', 39),
(3419, '2025-06-24', 39),
(3420, '2025-05-07', 39),
(3421, '2025-03-20', 39),
(3422, '2025-05-13', 39),
(3423, '2025-02-13', 39),
(3424, '2025-02-24', 39),
(3425, '2025-04-22', 39),
(3426, '2025-03-31', 39),
(3427, '2025-03-27', 39),
(3428, '2025-05-08', 39),
(3429, '2025-02-19', 39),
(3430, '2025-05-14', 39),
(3431, '2025-02-04', 39),
(3432, '2025-04-02', 39),
(3433, '2025-04-14', 39),
(3434, '2025-05-02', 39),
(3435, '2025-04-25', 39),
(3436, '2025-06-25', 39),
(3437, '2025-02-26', 39),
(3438, '2025-06-25', 39),
(3439, '2025-04-25', 39),
(3440, '2025-06-20', 39),
(3441, '2025-06-25', 39),
(3442, '2025-02-04', 39),
(3443, '2025-03-06', 39),
(3444, '2025-02-10', 39),
(3445, '2025-05-07', 39),
(3446, '2025-03-12', 39),
(3447, '2025-05-27', 39),
(3448, '2025-02-11', 39),
(3449, '2025-02-03', 39),
(3450, '2025-04-02', 39),
(3451, '2025-03-25', 39),
(3452, '2025-04-22', 39),
(3453, '2025-04-15', 39),
(3454, '2025-04-25', 39),
(3455, '2025-06-26', 39),
(3456, '2025-02-28', 39),
(3457, '2025-06-30', 39),
(3458, '2025-04-08', 39),
(3459, '2025-03-05', 39),
(3460, '2025-05-26', 39),
(3461, '2025-04-11', 39),
(3462, '2025-06-11', 39),
(3463, '2025-06-26', 39),
(3464, '2025-03-07', 39),
(3465, '2025-04-21', 39),
(3466, '2025-06-18', 39),
(3467, '2025-02-27', 39),
(3468, '2025-05-19', 40),
(3469, '2025-03-19', 40),
(3470, '2025-05-14', 40),
(3471, '2025-04-14', 40),
(3472, '2025-03-27', 40),
(3473, '2025-03-27', 40),
(3474, '2025-05-23', 40),
(3475, '2025-06-09', 40),
(3476, '2025-04-04', 40),
(3477, '2025-03-17', 40),
(3478, '2025-03-25', 40),
(3479, '2025-06-11', 40),
(3480, '2025-06-05', 40),
(3481, '2025-06-04', 40),
(3482, '2025-03-18', 40),
(3483, '2025-02-10', 40),
(3484, '2025-04-02', 40),
(3485, '2025-06-04', 40),
(3486, '2025-06-16', 40),
(3487, '2025-04-25', 40),
(3488, '2025-05-05', 40),
(3489, '2025-04-10', 40),
(3490, '2025-04-02', 40),
(3491, '2025-05-08', 40),
(3492, '2025-02-03', 40),
(3493, '2025-02-24', 40),
(3494, '2025-05-22', 40),
(3495, '2025-03-04', 40),
(3496, '2025-06-06', 40),
(3497, '2025-04-24', 40),
(3498, '2025-02-14', 40),
(3499, '2025-05-27', 40),
(3500, '2025-04-29', 40),
(3501, '2025-04-30', 40),
(3502, '2025-03-03', 40),
(3503, '2025-03-25', 40),
(3504, '2025-06-17', 40),
(3505, '2025-04-16', 40),
(3506, '2025-03-12', 40),
(3507, '2025-02-12', 40),
(3508, '2025-04-28', 40),
(3509, '2025-04-28', 40),
(3510, '2025-05-22', 40),
(3511, '2025-02-03', 40),
(3512, '2025-06-10', 40),
(3513, '2025-03-11', 40),
(3514, '2025-05-15', 40),
(3515, '2025-02-04', 40),
(3516, '2025-06-06', 40),
(3517, '2025-02-18', 40),
(3518, '2025-02-11', 40),
(3519, '2025-06-02', 40),
(3520, '2025-02-07', 40),
(3521, '2025-05-27', 40),
(3522, '2025-05-22', 40),
(3523, '2025-02-24', 40),
(3524, '2025-06-05', 40),
(3525, '2025-03-04', 40),
(3526, '2025-03-24', 40),
(3527, '2025-05-27', 40),
(3528, '2025-06-05', 40),
(3529, '2025-06-05', 40),
(3530, '2025-05-13', 40),
(3531, '2025-06-12', 40),
(3532, '2025-03-27', 40),
(3533, '2025-06-09', 40),
(3534, '2025-05-20', 40),
(3535, '2025-02-06', 40),
(3536, '2025-06-18', 40),
(3537, '2025-04-28', 40),
(3538, '2025-02-19', 40),
(3539, '2025-02-12', 40),
(3540, '2025-03-19', 40),
(3541, '2025-03-07', 40),
(3542, '2025-06-10', 40),
(3543, '2025-04-14', 40),
(3544, '2025-04-29', 40),
(3545, '2025-05-01', 40),
(3546, '2025-02-07', 40),
(3547, '2025-04-21', 40),
(3548, '2025-04-14', 40),
(3549, '2025-04-01', 40),
(3550, '2025-04-23', 40),
(3551, '2025-04-17', 40),
(3552, '2025-06-17', 40),
(3553, '2025-02-04', 40),
(3554, '2025-03-31', 40),
(3555, '2025-06-11', 40),
(3556, '2025-02-11', 40),
(3557, '2025-05-16', 40),
(3558, '2025-04-29', 40),
(3559, '2025-06-18', 40),
(3560, '2025-06-06', 40),
(3561, '2025-04-08', 40),
(3562, '2025-05-15', 40),
(3563, '2025-02-21', 40),
(3564, '2025-04-07', 40),
(3565, '2025-03-07', 40),
(3566, '2025-06-04', 40),
(3567, '2025-05-12', 40),
(3568, '2025-02-21', 40),
(3569, '2025-04-03', 40),
(3570, '2025-05-30', 40),
(3571, '2025-02-25', 40),
(3572, '2025-06-18', 41),
(3573, '2025-04-29', 41),
(3574, '2025-02-26', 41),
(3575, '2025-02-13', 41),
(3576, '2025-06-18', 41),
(3577, '2025-03-20', 41),
(3578, '2025-03-19', 41),
(3579, '2025-06-27', 41),
(3580, '2025-06-26', 41),
(3581, '2025-06-18', 41),
(3582, '2025-05-12', 41),
(3583, '2025-04-01', 41),
(3584, '2025-02-10', 41),
(3585, '2025-05-26', 41),
(3586, '2025-02-21', 41),
(3587, '2025-03-18', 41),
(3588, '2025-02-20', 41),
(3589, '2025-03-18', 41),
(3590, '2025-05-02', 41),
(3591, '2025-06-17', 41),
(3592, '2025-05-22', 41),
(3593, '2025-04-18', 41),
(3594, '2025-05-20', 41),
(3595, '2025-02-12', 41),
(3596, '2025-03-06', 41),
(3597, '2025-06-13', 41),
(3598, '2025-05-23', 41),
(3599, '2025-02-13', 41),
(3600, '2025-02-27', 41),
(3601, '2025-05-08', 41),
(3602, '2025-05-15', 41),
(3603, '2025-02-03', 41),
(3604, '2025-04-23', 41),
(3605, '2025-05-12', 41),
(3606, '2025-04-24', 41),
(3607, '2025-03-13', 41),
(3608, '2025-02-11', 41),
(3609, '2025-04-25', 41),
(3610, '2025-02-28', 41),
(3611, '2025-03-03', 41),
(3612, '2025-04-14', 41),
(3613, '2025-05-29', 41),
(3614, '2025-04-30', 41),
(3615, '2025-06-25', 41),
(3616, '2025-02-06', 41),
(3617, '2025-03-24', 41),
(3618, '2025-03-03', 41),
(3619, '2025-04-14', 41),
(3620, '2025-04-02', 41),
(3621, '2025-03-24', 41),
(3622, '2025-04-14', 41),
(3623, '2025-04-03', 41),
(3624, '2025-04-29', 41),
(3625, '2025-05-26', 41),
(3626, '2025-05-19', 41),
(3627, '2025-04-25', 41),
(3628, '2025-02-05', 41),
(3629, '2025-03-21', 41),
(3630, '2025-04-21', 41),
(3631, '2025-05-14', 41),
(3632, '2025-06-03', 41),
(3633, '2025-02-06', 41),
(3634, '2025-05-21', 41),
(3635, '2025-04-25', 41),
(3636, '2025-04-28', 41),
(3637, '2025-03-07', 41),
(3638, '2025-04-03', 41),
(3639, '2025-03-26', 41),
(3640, '2025-04-23', 41),
(3641, '2025-05-12', 41),
(3642, '2025-03-27', 41),
(3643, '2025-06-19', 41),
(3644, '2025-03-03', 41),
(3645, '2025-03-10', 41),
(3646, '2025-05-09', 41),
(3647, '2025-04-15', 41),
(3648, '2025-04-15', 41),
(3649, '2025-04-21', 41),
(3650, '2025-05-09', 41),
(3651, '2025-03-26', 41),
(3652, '2025-06-02', 41),
(3653, '2025-06-26', 41),
(3654, '2025-04-03', 41),
(3655, '2025-02-21', 41),
(3656, '2025-04-09', 41),
(3657, '2025-06-09', 41),
(3658, '2025-05-20', 41),
(3659, '2025-03-17', 41),
(3660, '2025-02-26', 41),
(3661, '2025-02-03', 41),
(3662, '2025-04-25', 41),
(3663, '2025-05-23', 41),
(3664, '2025-02-07', 41),
(3665, '2025-05-29', 41),
(3666, '2025-06-26', 41);

-- --------------------------------------------------------

--
-- Estructura de tabla para la tabla `carreras`
--

CREATE TABLE `carreras` (
  `Id_carrera` int(10) NOT NULL,
  `Nombre` varchar(40) NOT NULL,
  `Descripcion` varchar(100) NOT NULL
) ENGINE=InnoDB DEFAULT CHARSET=utf8mb4 COLLATE=utf8mb4_general_ci;

--
-- Volcado de datos para la tabla `carreras`
--

INSERT INTO `carreras` (`Id_carrera`, `Nombre`, `Descripcion`) VALUES
(1, 'Ingeniería de Sistemas', 'Pregrado en Ingeniería de Sistemas'),
(2, 'Ingeniería Civil', 'Pregrado en Ingeniería Civil'),
(3, 'Ingeniería Industrial', 'Pregrado en Ingeniería Industrial'),
(4, 'Medicina', 'Pregrado en Medicina'),
(5, 'Derecho', 'Pregrado en Derecho'),
(6, 'Administración de Empresas', 'Pregrado en Administración'),
(7, 'Contaduría Pública', 'Pregrado en Contaduría'),
(8, 'Psicología', 'Pregrado en Psicología'),
(9, 'Arquitectura', 'Pregrado en Arquitectura'),
(10, 'Comunicación Social', 'Pregrado en Comunicación Social');

-- --------------------------------------------------------

--
-- Estructura de tabla para la tabla `estudiantes`
--

CREATE TABLE `estudiantes` (
  `Id_estudiante` int(11) NOT NULL,
  `Primer_nombre` varchar(10) NOT NULL,
  `Sengundo_nombre` varchar(10) NOT NULL,
  `Primer_apellido` varchar(10) NOT NULL,
  `Segundo_apellido` varchar(10) NOT NULL,
  `Tipo_documento` varchar(15) NOT NULL,
  `Edad` int(3) NOT NULL,
  `Id_carrera` int(3) NOT NULL,
  `Numero_documento` varchar(10) DEFAULT NULL
) ENGINE=InnoDB DEFAULT CHARSET=utf8mb4 COLLATE=utf8mb4_general_ci;

--
-- Volcado de datos para la tabla `estudiantes`
--

INSERT INTO `estudiantes` (`Id_estudiante`, `Primer_nombre`, `Sengundo_nombre`, `Primer_apellido`, `Segundo_apellido`, `Tipo_documento`, `Edad`, `Id_carrera`, `Numero_documento`) VALUES
(1, 'Valentina', 'Sofia', 'Rodriguez', 'Giraldo', 'CEDULA', 20, 3, '3943545895'),
(2, 'Isabella', 'Andrea', 'Restrepo', 'Duque', 'CEDULA', 19, 8, '1160310008'),
(3, 'Laura', 'Natalia', 'Arango', 'Henao', 'CEDULA', 22, 8, '6483910815'),
(4, 'David', '', 'Jaramillo', 'Agudelo', 'CEDULA', 20, 4, '8033591005'),
(5, 'Daniela', '', 'Mejia', 'Perez', 'TARJETA DE IDEN', 17, 5, '3399087095'),
(6, 'Juan', '', 'Uribe', 'Castro', 'CEDULA', 24, 7, '5243311377'),
(7, 'Valentina', '', 'Salazar', 'Rios', 'PPT', 19, 2, '5389344758'),
(8, 'Mateo', 'Esteban', 'Gomez', 'Franco', 'CEDULA', 24, 8, '3409398042'),
(9, 'Laura', 'Natalia', 'Rodriguez', 'Giraldo', 'PPT', 20, 6, '4209205036'),
(10, 'Camila', '', 'Restrepo', 'Duque', 'CEDULA', 23, 2, '7165540089'),
(11, 'Daniel', 'Tomas', 'Arango', 'Henao', 'CEDULA', 22, 4, '5008493022'),
(12, 'Juan', '', 'Jaramillo', 'Agudelo', 'TARJETA DE IDEN', 16, 4, '1219545857'),
(13, 'Valentina', 'Sofia', 'Mejia', 'Perez', 'TARJETA DE IDEN', 16, 2, '8484115266'),
(14, 'Isabella', '', 'Uribe', 'Castro', 'CEDULA', 21, 5, '6720715556'),
(15, 'Sebastian', 'Jose', 'Salazar', 'Rios', 'CEDULA', 24, 2, '7162914198'),
(16, 'David', '', 'Gomez', 'Franco', 'TARJETA DE IDEN', 17, 3, '2453419748'),
(17, 'Daniela', 'Gabriela', 'Rodriguez', 'Giraldo', 'CEDULA', 21, 4, '8954238546'),
(18, 'Maria', '', 'Restrepo', 'Duque', 'TARJETA DE IDEN', 17, 6, '3480268082'),
(19, 'Santiago', '', 'Arango', 'Henao', 'CEDULA', 20, 3, '3161449779'),
(20, 'Isabella', '', 'Jaramillo', 'Agudelo', 'PPT', 19, 1, '1408172550'),
(21, 'Sebastian', 'Jose', 'Mejia', 'Perez', 'CEDULA', 20, 4, '7567666530'),
(22, 'Camila', 'Lucia', 'Uribe', 'Castro', 'TARJETA DE IDEN', 17, 6, '8855565097'),
(23, 'Daniel', '', 'Salazar', 'Rios', 'TARJETA DE IDEN', 15, 3, '5632219749'),
(24, 'Maria', '', 'Gomez', 'Franco', 'PPT', 21, 9, '1622151700'),
(25, 'Valentina', '', 'Rodriguez', 'Giraldo', 'CEDULA', 19, 8, '3098994400'),
(26, 'Isabella', 'Andrea', 'Restrepo', 'Duque', 'TARJETA DE IDEN', 15, 6, '6671429009'),
(27, 'Laura', 'Natalia', 'Arango', 'Henao', 'CEDULA', 24, 4, '7665862386'),
(28, 'Camila', 'Lucia', 'Jaramillo', 'Agudelo', 'CEDULA', 18, 10, '1698758129'),
(29, 'Daniela', '', 'Mejia', 'Perez', 'PPT', 23, 9, '7906964428'),
(30, 'Maria', '', 'Uribe', 'Castro', 'CEDULA', 18, 1, '6203140989'),
(31, 'Santiago', '', 'Salazar', 'Rios', 'CEDULA', 19, 7, '3957201977'),
(32, 'Isabella', 'Andrea', 'Gomez', 'Franco', 'PPT', 20, 1, '7315519763'),
(33, 'Sebastian', 'Jose', 'Rodriguez', 'Giraldo', 'CEDULA', 24, 7, '6489730865'),
(34, 'Camila', '', 'Restrepo', 'Duque', 'CEDULA', 20, 4, '3819716527'),
(35, 'Daniela', '', 'Arango', 'Henao', 'CEDULA', 20, 6, '5908838647'),
(36, 'Maria', '', 'Jaramillo', 'Agudelo', 'CEDULA', 23, 2, '8918260543'),
(37, 'Valentina', '', 'Mejia', 'Perez', 'CEDULA', 23, 4, '6739588743'),
(38, 'Mateo', '', 'Uribe', 'Castro', 'CEDULA', 18, 2, '7019785096'),
(39, 'Laura', 'Natalia', 'Salazar', 'Rios', 'TARJETA DE IDEN', 15, 10, '7397584043'),
(40, 'David', 'Miguel', 'Gomez', 'Franco', 'CEDULA', 19, 4, '8810827033'),
(41, 'Daniela', 'Gabriela', 'Rodriguez', 'Giraldo', 'TARJETA DE IDEN', 15, 4, '3060644276');

-- --------------------------------------------------------

--
-- Estructura de tabla para la tabla `estudiantes_carreras`
--

CREATE TABLE `estudiantes_carreras` (
  `Id_estudiantes_carreras` int(10) NOT NULL,
  `Id_estudiante` int(11) NOT NULL,
  `Id_carrera` int(10) NOT NULL
) ENGINE=InnoDB DEFAULT CHARSET=utf8mb4 COLLATE=utf8mb4_general_ci;

--
-- Volcado de datos para la tabla `estudiantes_carreras`
--

INSERT INTO `estudiantes_carreras` (`Id_estudiantes_carreras`, `Id_estudiante`, `Id_carrera`) VALUES
(1, 1, 3),
(2, 2, 8),
(3, 3, 8),
(4, 4, 4),
(5, 5, 5),
(6, 6, 7),
(7, 7, 2),
(8, 8, 8),
(9, 9, 6),
(10, 10, 2),
(11, 11, 4),
(12, 12, 4),
(13, 13, 2),
(14, 14, 5),
(15, 15, 2),
(16, 16, 3),
(17, 17, 4),
(18, 18, 6),
(19, 19, 3),
(20, 20, 1),
(21, 21, 4),
(22, 22, 6),
(23, 23, 3),
(24, 24, 9),
(25, 25, 8),
(26, 26, 6),
(27, 27, 4),
(28, 28, 10),
(29, 29, 9),
(30, 30, 1),
(31, 31, 7),
(32, 32, 1),
(33, 33, 7),
(34, 34, 4),
(35, 35, 6),
(36, 36, 2),
(37, 37, 4),
(38, 38, 2),
(39, 39, 10),
(40, 40, 4),
(41, 41, 4);

--
-- Índices para tablas volcadas
--

--
-- Indices de la tabla `asistencias`
--
ALTER TABLE `asistencias`
  ADD PRIMARY KEY (`Id_asistencia`),
  ADD KEY `Id_estudiante` (`Id_estudiante`);

--
-- Indices de la tabla `carreras`
--
ALTER TABLE `carreras`
  ADD PRIMARY KEY (`Id_carrera`);

--
-- Indices de la tabla `estudiantes`
--
ALTER TABLE `estudiantes`
  ADD PRIMARY KEY (`Id_estudiante`);

--
-- Indices de la tabla `estudiantes_carreras`
--
ALTER TABLE `estudiantes_carreras`
  ADD PRIMARY KEY (`Id_estudiantes_carreras`),
  ADD KEY `Id_estudiante` (`Id_estudiante`,`Id_carrera`),
  ADD KEY `Id_carrera` (`Id_carrera`);

--
-- AUTO_INCREMENT de las tablas volcadas
--

--
-- AUTO_INCREMENT de la tabla `carreras`
--
ALTER TABLE `carreras`
  MODIFY `Id_carrera` int(10) NOT NULL AUTO_INCREMENT, AUTO_INCREMENT=11;

--
-- AUTO_INCREMENT de la tabla `estudiantes_carreras`
--
ALTER TABLE `estudiantes_carreras`
  MODIFY `Id_estudiantes_carreras` int(10) NOT NULL AUTO_INCREMENT, AUTO_INCREMENT=2001;

--
-- Restricciones para tablas volcadas
--

--
-- Filtros para la tabla `estudiantes_carreras`
--
ALTER TABLE `estudiantes_carreras`
  ADD CONSTRAINT `estudiantes_carreras_ibfk_1` FOREIGN KEY (`Id_estudiante`) REFERENCES `estudiantes` (`Id_estudiante`) ON DELETE CASCADE ON UPDATE CASCADE,
  ADD CONSTRAINT `estudiantes_carreras_ibfk_2` FOREIGN KEY (`Id_carrera`) REFERENCES `carreras` (`Id_carrera`) ON DELETE CASCADE ON UPDATE CASCADE;
COMMIT;

/*!40101 SET CHARACTER_SET_CLIENT=@OLD_CHARACTER_SET_CLIENT */;
/*!40101 SET CHARACTER_SET_RESULTS=@OLD_CHARACTER_SET_RESULTS */;
/*!40101 SET COLLATION_CONNECTION=@OLD_COLLATION_CONNECTION */;
